x,y
9.499999999999999556e-01,2.040000000000000213e+01
9.499999999999999556e-01,2.035000000000000142e+01
9.499999999999999556e-01,2.030000000000000071e+01
9.499999999999999556e-01,2.025000000000000000e+01
9.499999999999999556e-01,2.020000000000000284e+01
9.499999999999999556e-01,2.015000000000000213e+01
9.499999999999999556e-01,2.010000000000000142e+01
9.499999999999999556e-01,2.005000000000000071e+01
9.499999999999999556e-01,2.000000000000000000e+01
9.499999999999999556e-01,1.995000000000000284e+01
9.499999999999999556e-01,1.990000000000000213e+01
9.500000000000000666e-01,1.985000000000000142e+01
9.500000000000000666e-01,1.980000000000000071e+01
9.500000000000000666e-01,1.975000000000000000e+01
9.500000000000000666e-01,1.970000000000000284e+01
9.500000000000000666e-01,1.965000000000000213e+01
9.500000000000000666e-01,1.960000000000000142e+01
9.500000000000000666e-01,1.955000000000000071e+01
9.500000000000000666e-01,1.950000000000000000e+01
9.500000000000000666e-01,1.945000000000000284e+01
9.500000000000000666e-01,1.940000000000000213e+01
9.500000000000000666e-01,1.935000000000000142e+01
9.500000000000000666e-01,1.930000000000000071e+01
9.500000000000000666e-01,1.925000000000000000e+01
9.500000000000000666e-01,1.920000000000000284e+01
9.500000000000000666e-01,1.915000000000000213e+01
9.500000000000000666e-01,1.910000000000000142e+01
9.500000000000000666e-01,1.905000000000000071e+01
9.500000000000000666e-01,1.900000000000000000e+01
9.500000000000000666e-01,1.894999999999999929e+01
9.500000000000000666e-01,1.890000000000000213e+01
9.500000000000000666e-01,1.885000000000000142e+01
9.500000000000000666e-01,1.880000000000000071e+01
9.500000000000000666e-01,1.875000000000000000e+01
9.500000000000000666e-01,1.869999999999999929e+01
9.500000000000000666e-01,1.865000000000000213e+01
9.500000000000000666e-01,1.860000000000000142e+01
9.500000000000000666e-01,1.855000000000000071e+01
9.500000000000000666e-01,1.850000000000000000e+01
9.500000000000000666e-01,1.844999999999999929e+01
9.500000000000000666e-01,1.840000000000000213e+01
9.500000000000000666e-01,1.835000000000000142e+01
9.500000000000000666e-01,1.830000000000000071e+01
9.500000000000000666e-01,1.825000000000000000e+01
9.500000000000000666e-01,1.819999999999999929e+01
9.500000000000000666e-01,1.815000000000000213e+01
9.500000000000000666e-01,1.810000000000000142e+01
9.500000000000000666e-01,1.805000000000000071e+01
9.500000000000000666e-01,1.800000000000000000e+01
9.500000000000000666e-01,1.794999999999999929e+01
9.500000000000000666e-01,1.790000000000000213e+01
9.500000000000000666e-01,1.785000000000000142e+01
9.500000000000000666e-01,1.780000000000000071e+01
9.500000000000000666e-01,1.775000000000000000e+01
9.500000000000001776e-01,1.769999999999999929e+01
9.500000000000001776e-01,1.765000000000000213e+01
9.500000000000001776e-01,1.760000000000000142e+01
9.500000000000002887e-01,1.755000000000000071e+01
9.500000000000009548e-01,1.750000000000000000e+01
9.500000000000033973e-01,1.744999999999999929e+01
9.500000000000121680e-01,1.740000000000000213e+01
9.500000000000422551e-01,1.735000000000000142e+01
9.500000000001409539e-01,1.730000000000000071e+01
9.500000000004518164e-01,1.725000000000000000e+01
9.500000000013932855e-01,1.719999999999999929e+01
9.500000000041393111e-01,1.715000000000000213e+01
9.500000000118611343e-01,1.710000000000000142e+01
9.500000000328225891e-01,1.705000000000000071e+01
9.500000000878155992e-01,1.700000000000000000e+01
9.500000002273950583e-01,1.694999999999999929e+01
9.500000005704585249e-01,1.690000000000000213e+01
9.500000013876883642e-01,1.685000000000000142e+01
9.500000032760341773e-01,1.680000000000000071e+01
9.500000075115969667e-01,1.675000000000000000e+01
9.500000167401867479e-01,1.669999999999999929e+01
9.500000362852064617e-01,1.665000000000000213e+01
9.500000765455259844e-01,1.660000000000000142e+01
9.500001572515730519e-01,1.655000000000000071e+01
9.500003147787335900e-01,1.650000000000000000e+01
9.500006143118924218e-01,1.644999999999999929e+01
9.500011694259407058e-01,1.640000000000000213e+01
9.500021725727896271e-01,1.635000000000000142e+01
9.500039409682426994e-01,1.630000000000000071e+01
9.500069832951354432e-01,1.625000000000000000e+01
9.500120932291844511e-01,1.619999999999999929e+01
9.500204756992604027e-01,1.615000000000000213e+01
9.500339105883504054e-01,1.610000000000000142e+01
9.500549558246306203e-01,1.605000000000000071e+01
9.500871871466169960e-01,1.600000000000000000e+01
9.501354651086245662e-01,1.595000000000000107e+01
9.502062113342348848e-01,1.590000000000000036e+01
9.503076663128051660e-01,1.585000000000000142e+01
9.504500913856794853e-01,1.580000000000000071e+01
9.506458696874995340e-01,1.575000000000000000e+01
9.509094567034754863e-01,1.570000000000000107e+01
9.512571327844659974e-01,1.565000000000000036e+01
9.517065190341760239e-01,1.560000000000000142e+01
9.522758352223974487e-01,1.555000000000000071e+01
9.529829033701586738e-01,1.550000000000000000e+01
9.538439315919807759e-01,1.545000000000000107e+01
9.548721465008226383e-01,1.540000000000000036e+01
9.560763746916507433e-01,1.535000000000000142e+01
9.574596993054326211e-01,1.530000000000000071e+01
9.590183298856536087e-01,1.525000000000000000e+01
9.607408133569300679e-01,1.520000000000000107e+01
9.626076680702757571e-01,1.515000000000000036e+01
9.645914303760683151e-01,1.510000000000000142e+01
9.666569734056283947e-01,1.505000000000000071e+01
9.687618486153295461e-01,1.500000000000000000e+01
9.708564289625493116e-01,1.495000000000000107e+01
9.728839217049667365e-01,1.490000000000000036e+01
9.747808695909221388e-01,1.485000000000000142e+01
9.764793181544524359e-01,1.480000000000000071e+01
9.779119066197466958e-01,1.475000000000000000e+01
9.790203012855214215e-01,1.470000000000000107e+01
9.797656770632248158e-01,1.465000000000000036e+01
9.801381323281969093e-01,1.460000000000000142e+01
9.800885156449268276e-01,1.454805627750000951e+01
9.797661907949086757e-01,1.449737803925326496e+01
9.794013539429244908e-01,1.444938205501391337e+01
9.787654074407412530e-01,1.439927618772818896e+01
9.780583132219823339e-01,1.434915788006281723e+01
9.773355224668228702e-01,1.429902385177198276e+01
9.766351564876493141e-01,1.424889619846256572e+01
9.759804603521796684e-01,1.419877811010357860e+01
9.753842780751222907e-01,1.414864533744964170e+01
9.748547070615934951e-01,1.409849587951383576e+01
9.743964563834820458e-01,1.404832779852442570e+01
9.740101031187043956e-01,1.399813927715156403e+01
9.736896338154932273e-01,1.394792873197654792e+01
9.734192806356043448e-01,1.389769518144739990e+01
9.731703316658899539e-01,1.384743861946965104e+01
9.728982393045748633e-01,1.379716032674630810e+01
9.725401967684245141e-01,1.374686337537105807e+01
9.720133651913805961e-01,1.369655319932343396e+01
9.712140241351326919e-01,1.364623791111358742e+01
9.700179903892003352e-01,1.359592858312083585e+01
9.682825203095944966e-01,1.354563934835515049e+01
9.658496122349715662e-01,1.349538727422975448e+01
9.625502004993021776e-01,1.344519200276717719e+01
9.582084059533948484e-01,1.339507519673208868e+01
9.526451454561568610e-01,1.334505984861976913e+01
9.456813398457794007e-01,1.329516945637532643e+01
9.371426551645939407e-01,1.324542693312658770e+01
9.268694299026685179e-01,1.319585295637841149e+01
9.147358165684925657e-01,1.314646341329280155e+01
9.006798851287231011e-01,1.309726581749785446e+01
8.847413187201362827e-01,1.304825510449538939e+01
8.670460490248506069e-01,1.299885243623405628e+01
8.479930036403839910e-01,1.294989377984721912e+01
8.282316030090803860e-01,1.290167788396740356e+01
8.081969171700360555e-01,1.285352837153214800e+01
7.884978539060222280e-01,1.280528700648534723e+01
7.691122922483849544e-01,1.275463505703140932e+01
7.513553810490286589e-01,1.270337703855786771e+01
7.355834498733638815e-01,1.265422281812808514e+01
7.217372282971671327e-01,1.260485718107211639e+01
7.098533255602795800e-01,1.255523559391443378e+01
6.998678159235561802e-01,1.250535758476893555e+01
6.916552028443091471e-01,1.245528408834869794e+01
6.850509895421336148e-01,1.240504282774251799e+01
6.798728902969666255e-01,1.235466245338596991e+01
6.759334613679359727e-01,1.230423108702008861e+01
6.730387462726321601e-01,1.225378117516942211e+01
6.709940851210451918e-01,1.220328273671482755e+01
6.696146027315746929e-01,1.215275398804725882e+01
6.687291856800794410e-01,1.210220889901397001e+01
6.681876638978397898e-01,1.205165706094252620e+01
6.678674497855847658e-01,1.200110397272304574e+01
6.676788907650580418e-01,1.195055172391758447e+01
6.675689683655579021e-01,1.189999999999999858e+01
6.675232575925593714e-01,1.184944730351964992e+01
6.675661983257021870e-01,1.179889227230713544e+01
6.677597630882261548e-01,1.174833497450011421e+01
6.682005922757660032e-01,1.169777806503786977e+01
6.690156715980298818e-01,1.164722769813948133e+01
6.703567131310643745e-01,1.159669410818640856e+01
6.723936195405151306e-01,1.154619180353201280e+01
6.753077277809841350e-01,1.149573936805765761e+01
6.792885049313464041e-01,1.144530664139308129e+01
6.845237798204356627e-01,1.139492617920216411e+01
6.911946799128148022e-01,1.134468632876293448e+01
6.994776746671440559e-01,1.129461540580167700e+01
7.095323852277792831e-01,1.124474073415347952e+01
7.214806181450476030e-01,1.119512300165597729e+01
7.353838959951515264e-01,1.114576127503620384e+01
7.512043826605795394e-01,1.109661059889976542e+01
7.690025532572057898e-01,1.104534653662890165e+01
7.884211105793188512e-01,1.099469355967123718e+01
8.081432353234799804e-01,1.094645797522179365e+01
8.281950176054765356e-01,1.089831278404435899e+01
8.479687109425199099e-01,1.085010001469842322e+01
8.670299943946280230e-01,1.080114481062754805e+01
8.847311425080812697e-01,1.075174400837414979e+01
9.006736544249203114e-01,1.070273364352914491e+01
9.147321004005711798e-01,1.065353626894573580e+01
9.268672710324624697e-01,1.060414686182443056e+01
9.371414337581994713e-01,1.055457296595186634e+01
9.456806670522274194e-01,1.050483048927388730e+01
9.526447847689264448e-01,1.045494012299318243e+01
9.582082178463491307e-01,1.040492478889474803e+01
9.625501051159399690e-01,1.035480799018107056e+01
9.658495652362983908e-01,1.030461272241956294e+01
9.682824978193993459e-01,1.025436065010373277e+01
9.700179799432240291e-01,1.020407141619338098e+01
9.712140194285033834e-01,1.015376208859131779e+01
9.720133631353569115e-01,1.010344680055383471e+01
9.725401958981866324e-01,1.005313662457963630e+01
9.728982389479231552e-01,1.000283967323456835e+01
9.731703315244693009e-01,9.952561380523192724e+00
9.734192805813959293e-01,9.902304818550017984e+00
9.736896337954259462e-01,9.852071268022555728e+00
9.740101031115376840e-01,9.801860722848136476e+00
9.743964563810157964e-01,9.751672201475475532e+00
9.748547070607767040e-01,9.701504120486134752e+00
9.753842780748623875e-01,9.651354662550346575e+00
9.759804603521002875e-01,9.601221889896418560e+00
9.766351564876261104e-01,9.551103801537434990e+00
9.773355224668163199e-01,9.500976148228014395e+00
9.780583132219805576e-01,9.450842119937183483e+00
9.787654074407409199e-01,9.400723812271811752e+00
9.794013539429247128e-01,9.350617944986083785e+00
9.797661907949088977e-01,9.302621960746735752e+00
9.800885156449269386e-01,9.251943722499991196e+00
9.801381323281970204e-01,9.200000000000001066e+00
9.797656770632248158e-01,9.150000000000000355e+00
9.790203012855215325e-01,9.099999999999999645e+00
9.779119066197469179e-01,9.050000000000000711e+00
9.764793181544526579e-01,9.000000000000000000e+00
9.747808695909223609e-01,8.950000000000001066e+00
9.728839217049668475e-01,8.900000000000000355e+00
9.708564289625493116e-01,8.849999999999999645e+00
9.687618486153295461e-01,8.800000000000000711e+00
9.666569734056285057e-01,8.750000000000000000e+00
9.645914303760683151e-01,8.700000000000001066e+00
9.626076680702757571e-01,8.650000000000000355e+00
9.607408133569300679e-01,8.599999999999999645e+00
9.590183298856536087e-01,8.550000000000000711e+00
9.574596993054326211e-01,8.500000000000000000e+00
9.560763746916507433e-01,8.450000000000001066e+00
9.548721465008226383e-01,8.400000000000000355e+00
9.538439315919807759e-01,8.349999999999999645e+00
9.529829033701585628e-01,8.300000000000000711e+00
9.522758352223966716e-01,8.250000000000000000e+00
9.517065190341729153e-01,8.200000000000001066e+00
9.512571327844548952e-01,8.150000000000000355e+00
9.509094567034367396e-01,8.099999999999999645e+00
9.506458696873707481e-01,8.050000000000000711e+00
9.504500913852671484e-01,8.000000000000000000e+00
9.503076663115368472e-01,7.950000000000000178e+00
9.502062113304781121e-01,7.900000000000000355e+00
9.501354650978945937e-01,7.850000000000000533e+00
9.500871871170240013e-01,7.800000000000000711e+00
9.500549557457323990e-01,7.750000000000000000e+00
9.500339103847925681e-01,7.700000000000000178e+00
9.500204751905525491e-01,7.650000000000000355e+00
9.500120919966594801e-01,7.600000000000000533e+00
9.500069803976070038e-01,7.550000000000000711e+00
9.500039343537374226e-01,7.500000000000000000e+00
9.500021578999096050e-01,7.450000000000000178e+00
9.500011377760444464e-01,7.400000000000000355e+00
9.500005478854771646e-01,7.350000000000000533e+00
9.500001790481811259e-01,7.300000000000000711e+00
9.499998870890606906e-01,7.250000000000000000e+00
9.499995524470512542e-01,7.200000000000000178e+00
9.499990448612665173e-01,7.150000000000000355e+00
9.499981870694720332e-01,7.100000000000000533e+00
9.499967117712242448e-01,7.050000000000000711e+00
9.499942064362082439e-01,7.000000000000000000e+00
9.499900410781115800e-01,6.950000000000000178e+00
9.499832751617336424e-01,6.900000000000000355e+00
9.499725417054480925e-01,6.850000000000000533e+00
9.499559096896122989e-01,6.800000000000000711e+00
9.499307302597793656e-01,6.750000000000000000e+00
9.498934778552863278e-01,6.700000000000000178e+00
9.498396038900505101e-01,6.650000000000000355e+00
9.497634271534612926e-01,6.600000000000000533e+00
9.496580904933763501e-01,6.550000000000000711e+00
9.495156161399355144e-01,6.500000000000000000e+00
9.493270907532536107e-01,6.450000000000000178e+00
9.490830047523908242e-01,6.400000000000000355e+00
9.487737581789221775e-01,6.350000000000000533e+00
9.483903276854970255e-01,6.300000000000000711e+00
9.479250677419217563e-01,6.250000000000000000e+00
9.473725964094384944e-01,6.200000000000000178e+00
9.467306955470078389e-01,6.150000000000000355e+00
9.460011414770673754e-01,6.100000000000000533e+00
9.451903806211156001e-01,6.050000000000000711e+00
9.443099824628267136e-01,6.000000000000000000e+00
9.433768451218956796e-01,5.950000000000000178e+00
9.424131924639624902e-01,5.900000000000000355e+00
9.414464583952617538e-01,5.850000000000000533e+00
9.405091481370706497e-01,5.800000000000000711e+00
9.396386387026850473e-01,5.750000000000000000e+00
9.388766296031074710e-01,5.700000000000000178e+00
9.382676975398918096e-01,5.650000000000000355e+00
9.378563732806408648e-01,5.600000000000000533e+00
9.376825508088941774e-01,5.550000000000000711e+00
9.377758376051368305e-01,5.500000000000000000e+00
9.381503014967633725e-01,5.450000000000000178e+00
9.388076093027848401e-01,5.399656596476257064e+00
9.397164971817286716e-01,5.349547511702041014e+00
9.408273279120172861e-01,5.299906422958350127e+00
9.421190295020596128e-01,5.249891941754508018e+00
9.435309989355660232e-01,5.199878902258634916e+00
9.450128495657131866e-01,5.149866988758848407e+00
9.465148173958581879e-01,5.099855365252179418e+00
9.479871119026661574e-01,5.049854216761048953e+00
9.493799967950251606e-01,4.999863680679302647e+00
9.506451459098346213e-01,4.949872104244134263e+00
9.517382349056183743e-01,4.899878907163737196e+00
9.526237826211920723e-01,4.849883834682874095e+00
9.532805450848549356e-01,4.799887128043832440e+00
9.537068422060869244e-01,4.749889662505677457e+00
9.539253179066670141e-01,4.699887081531419319e+00
9.539864286333232801e-01,4.649878217103154299e+00
9.539706897441848632e-01,4.599869669847563181e+00
9.539895045584960709e-01,4.549863885355608595e+00
9.541836101398316616e-01,4.499863848184588733e+00
9.547190136774695857e-01,4.449872811526940808e+00
9.557800380384301464e-01,4.399893897525259945e+00
9.575595867834885144e-01,4.349929592910553922e+00
9.602473505375792584e-01,4.299981193893652964e+00
9.640172627733978317e-01,4.250048278313311556e+00
9.690156798525392245e-01,4.200128290542686216e+00
9.753511038019246904e-01,4.150216319432353806e+00
9.830846968786640661e-01,4.100305149822560224e+00
9.922189087393075146e-01,4.050385522033820962e+00
1.002680478924343976e+00,4.000446673448901258e+00
1.014295291053985970e+00,3.950477477955818717e+00
1.026756732460504473e+00,3.900467707011233021e+00
1.039605738633337717e+00,3.856044698254438963e+00
1.051314396881508628e+00,3.812161110747561921e+00
1.062790460417888827e+00,3.762615480266574775e+00
1.072198449521860386e+00,3.712750262577649618e+00
1.078626533800430609e+00,3.662437076871460029e+00
1.081301958649849126e+00,3.611577077984448714e+00
1.081098956562480451e+00,3.550202796051549647e+00
1.073416404293803916e+00,3.489841586885356062e+00
1.063342347388073650e+00,3.440063314041828857e+00
1.049392171673109830e+00,3.391036373379689106e+00
1.032300130812339400e+00,3.342645924989652517e+00
1.012978114691472475e+00,3.294734543065530818e+00
9.923881247875701028e-01,3.247126634578899385e+00
9.715362669514665539e-01,3.200983756466092789e+00
9.506512119764749524e-01,3.153179453080238392e+00
9.308272858246522397e-01,3.104050547477307909e+00
9.123060707260584046e-01,3.054930060410828485e+00
8.952752040621865248e-01,3.005802200855129502e+00
8.797878884124940013e-01,2.956657363240075220e+00
8.657987024098379170e-01,2.907491413308235018e+00
8.531937158542147737e-01,2.858304630048934758e+00
8.418129358793510209e-01,2.809100508679957198e+00
8.314666197992177654e-01,2.759884509713953715e+00
8.219482541010476595e-01,2.710662798882171654e+00
8.130458341694237756e-01,2.661348513597317389e+00
8.045554311012946824e-01,2.611913338184567390e+00
7.962901949108106558e-01,2.562425118796276990e+00
7.880878203986798614e-01,2.512869105645279433e+00
7.798154076780303701e-01,2.463290731926990773e+00
7.713736247450737604e-01,2.413673500826053697e+00
7.626970240908799159e-01,2.363994525952627601e+00
7.537466663573261227e-01,2.314350603889256064e+00
7.445165632944599210e-01,2.264719777343686680e+00
7.350385305435294114e-01,2.214932496470509715e+00
7.253662525512489800e-01,2.164949910188793236e+00
7.155802405895670404e-01,2.114730542202836183e+00
7.057881259918886707e-01,2.064231681316443634e+00
6.961674223300962083e-01,2.013045322917379032e+00
6.869068466365910730e-01,1.961098782902156890e+00
6.781681382682651638e-01,1.908753975943941361e+00
6.701852608576257531e-01,1.855991003309841458e+00
6.632258685422562916e-01,1.802807162088983395e+00
6.575895992476401553e-01,1.749222471145488234e+00
6.536044733292982745e-01,1.695285604499022991e+00
6.515509803855401572e-01,1.641340991891605761e+00
6.517741225390646376e-01,1.587521462133346661e+00
6.547247173400307929e-01,1.533706438061530619e+00
6.607860670549627891e-01,1.480116661325905580e+00
6.703312368899725371e-01,1.427030930098520223e+00
6.837012340432839785e-01,1.374784906449079136e+00
7.011736277622622193e-01,1.323761443715880670e+00
7.229249128053742979e-01,1.274370412921336904e+00
7.489949797898820538e-01,1.227019036004143304e+00
7.792647530565699476e-01,1.182077579209790397e+00
8.340053905664815970e-01,1.105709910148385156e+00
8.966388101987660120e-01,1.037653594170940163e+00
9.396583855488518378e-01,9.995597908045414925e-01
1.011527895662723386e+00,9.429557478245543800e-01
1.089774354718554994e+00,8.947263259306004191e-01
1.136773291195543489e+00,8.696520188364532666e-01
1.185398132323588927e+00,8.480239520926643459e-01
1.235301266409959853e+00,8.297322271698788221e-01
1.286149796858617744e+00,8.145810371681512230e-01
1.337647332892589747e+00,8.023231207612950833e-01
1.389548127921210297e+00,7.926971343950333093e-01
1.441662010939120497e+00,7.854570344832367823e-01
1.493849940776909913e+00,7.803878859365283027e-01
1.546014256915549501e+00,7.773075445047263887e-01
1.598087254745665486e+00,7.760585342162168443e-01
1.650021943819903525e+00,7.764957157693860301e-01
1.701785870051895966e+00,7.784747847876847260e-01
1.753356524993306076e+00,7.818445269876930226e-01
1.804719270720074320e+00,7.864429268051745803e-01
1.855866366893162089e+00,7.920967055909787780e-01
1.906796470577808655e+00,7.986233681001874141e-01
1.957514292489410224e+00,8.058349176115738866e-01
2.008030126926549475e+00,8.135425437628964751e-01
2.058358915897234187e+00,8.215616090132786820e-01
2.108519441546109707e+00,8.297161344468171329e-01
2.158533257381004766e+00,8.378423378510230224e-01
2.208423597555421836e+00,8.457912915281895483e-01
2.258214421712440245e+00,8.534317376505305974e-01
2.307929715976449359e+00,8.606549092971617076e-01
2.357593051114212468e+00,8.673830475887721603e-01
2.407227244385438336e+00,8.735815395964949825e-01
2.456849847229815698e+00,8.792715768093264384e-01
2.506423907526155848e+00,8.845393314099996296e-01
2.537252560222529318e+00,8.921372948026736749e-01
2.582958541740674629e+00,8.972658753112492391e-01
2.650000000000000355e+00,8.995559017045874350e-01
2.700000000000000178e+00,9.047189637330220746e-01
2.750000000000000000e+00,9.102088855202215001e-01
2.800000000000000266e+00,9.160537446344811929e-01
2.850000000000000089e+00,9.222148869655449888e-01
2.900000000000000355e+00,9.286054886239289985e-01
2.950000000000000178e+00,9.351136742612932151e-01
3.000000000000000000e+00,9.416223056872452535e-01
3.050000000000000266e+00,9.480215206835715946e-01
3.100000000000000089e+00,9.542143017096815782e-01
3.150000000000000355e+00,9.601177348212813767e-01
3.200000000000000178e+00,9.656627890573811213e-01
3.250000000000000000e+00,9.707942912914351297e-01
3.300000000000000266e+00,9.754714567918558732e-01
3.350000000000000089e+00,9.796685583322060076e-01
3.400000000000000355e+00,9.833751610378642649e-01
3.450000000000000178e+00,9.865955587208299349e-01
3.500000000000000000e+00,9.893473377776526023e-01
3.550000000000000266e+00,9.916592118831313307e-01
3.600000000000000089e+00,9.935683813128733943e-01
3.650000000000000355e+00,9.951176985413573428e-01
3.700000000000000178e+00,9.963528988544966269e-01
3.750000000000000000e+00,9.973201042661257176e-01
3.800000000000000266e+00,9.980637458276337970e-01
3.850000000000000089e+00,9.986249837307779043e-01
3.900000000000000355e+00,9.990406441252894787e-01
3.950000000000000178e+00,9.993426417796065220e-01
4.000000000000000000e+00,9.995578217649097041e-01
4.049999999999999822e+00,9.997081321535230547e-01
4.100000000000000533e+00,9.998110322839249831e-01
4.150000000000000355e+00,9.998800450393410255e-01
4.200000000000000178e+00,9.999253735963000711e-01
4.250000000000000000e+00,9.999545197987511624e-01
4.299999999999999822e+00,9.999728595714800772e-01
4.350000000000000533e+00,9.999841481131998000e-01
4.400000000000000355e+00,9.999909423256410079e-01
4.450000000000000178e+00,9.999949391798632625e-01
4.500000000000000000e+00,9.999972363357986227e-01
4.549999999999999822e+00,9.999985256674639444e-01
4.600000000000000533e+00,9.999992320550576963e-01
4.650000000000000355e+00,9.999996096449255134e-01
4.700000000000000178e+00,9.999998064709251233e-01
4.750000000000000000e+00,9.999999064722424613e-01
4.800000000000000711e+00,9.999999559665151416e-01
4.850000000000000533e+00,9.999999798160231768e-01
4.900000000000000355e+00,9.999999909973525947e-01
4.950000000000000178e+00,9.999999960925425313e-01
5.000000000000000000e+00,9.999999983424516792e-01
5.050000000000000711e+00,9.999999992900636681e-01
5.100000000000000533e+00,9.999999996321045082e-01
5.150000000000000355e+00,9.999999996340604991e-01
5.200000000000000178e+00,9.999999992976594809e-01
5.250000000000000000e+00,9.999999983621443711e-01
5.300000000000000711e+00,9.999999961400911630e-01
5.350000000000000533e+00,9.999999911082919635e-01
5.400000000000000355e+00,9.999999800676016015e-01
5.450000000000000178e+00,9.999999565218244957e-01
5.500000000000000000e+00,9.999999076662808850e-01
5.550000000000000711e+00,9.999998089736732432e-01
5.600000000000000533e+00,9.999996147618244180e-01
5.650000000000000355e+00,9.999992422656334146e-01
5.700000000000000178e+00,9.999985455650149957e-01
5.750000000000000000e+00,9.999972742234893852e-01
5.800000000000000711e+00,9.999950097109571168e-01
5.850000000000000533e+00,9.999910707580506042e-01
5.900000000000000355e+00,9.999843769896854528e-01
5.950000000000000178e+00,9.999732589414579431e-01
6.000000000000000000e+00,9.999552024631481739e-01
6.050000000000000711e+00,9.999265172693714288e-01
6.100000000000000533e+00,9.998819237518139502e-01
6.150000000000000355e+00,9.998140597531318674e-01
6.200000000000000178e+00,9.997129201522468867e-01
6.250000000000000000e+00,9.995652566489174884e-01
6.300000000000000711e+00,9.993539821922567956e-01
6.350000000000000533e+00,9.990576423968533515e-01
6.400000000000000355e+00,9.986500325608967943e-01
6.450000000000000178e+00,9.981000504533730222e-01
6.500000000000000000e+00,9.973718785103491413e-01
6.550000000000000711e+00,9.964255813372087101e-01
6.600000000000000533e+00,9.952181831312605365e-01
6.650000000000000355e+00,9.937052538996036244e-01
6.700000000000000178e+00,9.918429841336737773e-01
6.750000000000000000e+00,9.895906680997977878e-01
6.800000000000000711e+00,9.869134515456350343e-01
6.850000000000000533e+00,9.837851379644159122e-01
6.900000000000000355e+00,9.801907985773912202e-01
6.950000000000000178e+00,9.761289091820332109e-01
7.000000000000000000e+00,9.716127644373550032e-01
7.050000000000000711e+00,9.666710284699573386e-01
7.100000000000000533e+00,9.613474939860334745e-01
7.150000000000000355e+00,9.557004092902872117e-01
7.200000000000000178e+00,9.498019429332611452e-01
7.250000000000000000e+00,9.437382093979892472e-01
7.300000000000000711e+00,9.376095143091356388e-01
7.350000000000000533e+00,9.315291634050975045e-01
7.400000000000000355e+00,9.256179932397895493e-01
7.450000000000000178e+00,9.199918827438070545e-01
7.500000000000000000e+00,9.147418042004867855e-01
7.550000000000000711e+00,9.099101337291329861e-01
7.600000000000000533e+00,9.054709652869880054e-01
7.665231846618388190e+00,9.032348145448578780e-01
7.714907884188876075e+00,8.994395669528018056e-01
7.748536772642892423e+00,8.930380440604934744e-01
7.798617690029197469e+00,8.886715692267127542e-01
7.848772754285041842e+00,8.838682839763916110e-01
7.899030062663139340e+00,8.785031678735366611e-01
7.949421439860857141e+00,8.725028151993077241e-01
7.999982150466126818e+00,8.658382753547213539e-01
8.050750971250767662e+00,8.585131600028070853e-01
8.101782316990160382e+00,8.505542694438535944e-01
8.153064078442028517e+00,8.419984387890701028e-01
8.204632631943146848e+00,8.329012010231118257e-01
8.256536077631128734e+00,8.233367137667985114e-01
8.308824279932132129e+00,8.134004579318423467e-01
8.361547231034657912e+00,8.032121627877928383e-01
8.414752999267598454e+00,7.929177951510693045e-01
8.468485257420946155e+00,7.826906312351403772e-01
8.522780371766605967e+00,7.727315791758775365e-01
8.577664033831418067e+00,7.632688965624578881e-01
8.633147405044329759e+00,7.545574804217458631e-01
8.689222688883621259e+00,7.468780742200213929e-01
8.745857963011854252e+00,7.405368601064514777e-01
8.802991115040542880e+00,7.358655709430079739e-01
8.860523051211357526e+00,7.332210811189248112e-01
8.918311161814093779e+00,7.329815881833052771e-01
8.976165167042656989e+00,7.355351311809079640e-01
9.033848215633671686e+00,7.412571229708542209e-01
9.091085422030836583e+00,7.504779212613973405e-01
9.147579347513605796e+00,7.634479898464767711e-01
9.203028121160260255e+00,7.803130032221936574e-01
9.257139346679840841e+00,8.011099045447174216e-01
9.348606621355584068e+00,8.472884426162438087e-01
9.433873297898328403e+00,9.036241772869435529e-01
9.485083274118618846e+00,9.391836178328525353e-01
9.533525866221207679e+00,9.783921177853145412e-01
9.578939760707685380e+00,1.021060239292309380e+00
9.621129043678855908e+00,1.066926898260341483e+00
9.659977218864645110e+00,1.115667006240707027e+00
9.695443865104270031e+00,1.166914633743904250e+00
9.752079963403662788e+00,1.251825851907264475e+00
9.799235920723374349e+00,1.342676767760475176e+00
9.821704470595328473e+00,1.395971937689079345e+00
9.840977420607980974e+00,1.450378133940055214e+00
9.857091704328722059e+00,1.505664595341333456e+00
9.870142963893155041e+00,1.561603637091248054e+00
9.880285161648586723e+00,1.617976652683342120e+00
9.887713207822120154e+00,1.674584733139609094e+00
9.892638718320664992e+00,1.731257797035792079e+00
9.895270022724856673e+00,1.787858462987680808e+00
9.895802631736019705e+00,1.844280429005803690e+00
9.894419946788490350e+00,1.900443525949516044e+00
9.891299889759805453e+00,1.956288073903991620e+00
9.886622511245194644e+00,2.011770275943391528e+00
9.880575326810653536e+00,2.066859179741129537e+00
9.873355277633789839e+00,2.121534927929447978e+00
9.865167637619739693e+00,2.175787748034711644e+00
9.856222706911406561e+00,2.229617208276831963e+00
9.846731119808248778e+00,2.283031447160559502e+00
9.836898471851462489e+00,2.336046237444630691e+00
9.826919929196858305e+00,2.388683840631825817e+00
9.816975471263493347e+00,2.440971670291039786e+00
9.807226233660886194e+00,2.492940838248010937e+00
9.797811015271349788e+00,2.544613138465587010e+00
9.788841824614477716e+00,2.595970743758740262e+00
9.780408613512594940e+00,2.647067930776442424e+00
9.772563811627950514e+00,2.697942758823035359e+00
9.765312793907876099e+00,2.748632003050529793e+00
9.758602742308024602e+00,2.799170448462432681e+00
9.752317008165396928e+00,2.849589961519049197e+00
9.743078090317236928e+00,2.877475534120327083e+00
9.737569509455124006e+00,2.928345128389601815e+00
9.733968251574165009e+00,3.000000000000000000e+00
9.727484312480962458e+00,3.050000000000000266e+00
9.720534154289065754e+00,3.100000000000000089e+00
9.713081598481942081e+00,3.150000000000000355e+00
9.705167900034540551e+00,3.200000000000000178e+00
9.696893292505674111e+00,3.250000000000000000e+00
9.688392823357283135e+00,3.300000000000000266e+00
9.679814562640482123e+00,3.350000000000000089e+00
9.671304432961827402e+00,3.400000000000000355e+00
9.662997719301827715e+00,3.450000000000000178e+00
9.655014874933790736e+00,3.500000000000000000e+00
9.647458993927713777e+00,3.550000000000000266e+00
9.640413417797994100e+00,3.600000000000000089e+00
9.633939219293026213e+00,3.650000000000000355e+00
9.628073051156768258e+00,3.700000000000000178e+00
9.622825969493206344e+00,3.750000000000000000e+00
9.618183599342421175e+00,3.800000000000000266e+00
9.614107693475492766e+00,3.850000000000000089e+00
9.610538904301822782e+00,3.900000000000000355e+00
9.607400476646137832e+00,3.950000000000000178e+00
9.604602547745091812e+00,4.000000000000000000e+00
9.602046771294336480e+00,4.049999999999999822e+00
9.599631034774517957e+00,4.100000000000000533e+00
9.597254093636305328e+00,4.150000000000000355e+00
9.594819989449440811e+00,4.200000000000000178e+00
9.592242144788965419e+00,4.250000000000000000e+00
9.589447033880595939e+00,4.299999999999999822e+00
9.586377318479989640e+00,4.350000000000000533e+00
9.582994321452634523e+00,4.400000000000000355e+00
9.579279699224093392e+00,4.450000000000000178e+00
9.575236187987197667e+00,4.500000000000000000e+00
9.570887362572920054e+00,4.549999999999999822e+00
9.566276482279672422e+00,4.600000000000000533e+00
9.561464691366023061e+00,4.650000000000000355e+00
9.556529002577654808e+00,4.700000000000000178e+00
9.551560440060146817e+00,4.750000000000000000e+00
9.546662270337931133e+00,4.800000000000000711e+00
9.541947420715688466e+00,4.850000000000000533e+00
9.537533377589785033e+00,4.900000000000000355e+00
9.533532816337173088e+00,4.950000000000000178e+00
9.530039575505574234e+00,5.000000000000000000e+00
9.527112221230463973e+00,5.050000000000000711e+00
9.524760128624112809e+00,5.100000000000000533e+00
9.523372481401979783e+00,5.157472948383599487e+00
9.522222553316748161e+00,5.209568813475610405e+00
9.520440861143615763e+00,5.252286828142219477e+00
9.519546694571618062e+00,5.302667329639414007e+00
9.518720450243213449e+00,5.353094596452587339e+00
9.517873031791838301e+00,5.403577248937592614e+00
9.516945159913490215e+00,5.454124856315515579e+00
9.515901995357159748e+00,5.504747825634915159e+00
9.514724393366863708e+00,5.555457493770031618e+00
9.513401392098897347e+00,5.606266313941834056e+00
9.511921950937809456e+00,5.657109946625755725e+00
9.510281543411288396e+00,5.707977687598927652e+00
9.508489143155122392e+00,5.758942271724177608e+00
9.506563305875481262e+00,5.810009680225203255e+00
9.504541280437930340e+00,5.861183727492748297e+00
9.502484773452255951e+00,5.912464834843574657e+00
9.500485664895247595e+00,5.963848574419973403e+00
9.498671438495001951e+00,6.015324022849241281e+00
9.497209866255088784e+00,6.066872013907152805e+00
9.496312277030183324e+00,6.118463440370126349e+00
9.496234695206755561e+00,6.170057807252239179e+00
9.497276324604181141e+00,6.221602260534706552e+00
9.499775221375619694e+00,6.273031296405432222e+00
9.504101342176108247e+00,6.324267309415246174e+00
9.510647099652368652e+00,6.375221709933835079e+00
9.519815160650859198e+00,6.425797850251439236e+00
9.532001984579171250e+00,6.475895542956533468e+00
9.547574669551154969e+00,6.525416684565851000e+00
9.566839317514352459e+00,6.574273317731115895e+00
9.590001298567193189e+00,6.622397698638089913e+00
9.617121773847587818e+00,6.669753425823497395e+00
9.649601147681124758e+00,6.724446429646937951e+00
9.686152030950946568e+00,6.776348078408859443e+00
9.722904907359890103e+00,6.819753193015595016e+00
9.761838964438563693e+00,6.862370657705309185e+00
9.802107031500652212e+00,6.904506896468252108e+00
9.842766847390363338e+00,6.946507248837852089e+00
9.882851416297839364e+00,6.988726917622701151e+00
9.921442462008117857e+00,7.031500423226597185e+00
9.957738383805624593e+00,7.075113645895102721e+00
9.993662517406445289e+00,7.126949825870452671e+00
1.002555624310497073e+01,7.181541293352910138e+00
1.005228373177008905e+01,7.229119665880432422e+00
1.007525097427684280e+01,7.277444219225415623e+00
1.009459289608947508e+01,7.326464076694756855e+00
1.011057368247893429e+01,7.376101979898071370e+00
1.012353902821150697e+01,7.426265940351406414e+00
1.013387380988293529e+01,7.476859225718692770e+00
1.014196959995605773e+01,7.527787840295392385e+00
1.014820238003063047e+01,7.578965498578909887e+00
1.015291837363869298e+01,7.630316540071731879e+00
1.015642545577024514e+01,7.681777307693765877e+00
1.015898837976393132e+01,7.733296395564059011e+00
1.016082706260959334e+01,7.784834046749357306e+00
1.016212688829332933e+01,7.836480626474432221e+00
1.016302179359926150e+01,7.888222444828139501e+00
1.016360473051865476e+01,7.939943139347344747e+00
1.016395035541493819e+01,7.991638520911155119e+00
1.016411310742785368e+01,8.043309139308773226e+00
1.016413351326079528e+01,8.094959166604480671e+00
1.016404315131855718e+01,8.146595618297768127e+00
1.016386797868568870e+01,8.198227854569919870e+00
1.016362997310334570e+01,8.249853217331994060e+00
1.016334695364156104e+01,8.301567420091007676e+00
1.016303206169382456e+01,8.353276553376275615e+00
1.016269581933537403e+01,8.404884896177328812e+00
1.016233465296552119e+01,8.456501429641214429e+00
1.016193216147635603e+01,8.508136561701087786e+00
1.016145385100215748e+01,8.559797831089145603e+00
1.016084240645984593e+01,8.611488711338255442e+00
1.016001272156444912e+01,8.663207192320639294e+00
1.015885579735258126e+01,8.714839559940630309e+00
1.015721909610936891e+01,8.766372139071362923e+00
1.015489880638386389e+01,8.817893396416073060e+00
1.015165861812454473e+01,8.869362997854057795e+00
1.014722133336009513e+01,8.920728920380394555e+00
1.014127148340525508e+01,8.971927090763832879e+00
1.013346018412053695e+01,9.022881798070534032e+00
1.012341308132214301e+01,9.073507126931106725e+00
1.011074332721915248e+01,9.123709805544882201e+00
1.009507237367880172e+01,9.173394003769660188e+00
1.007606094548725295e+01,9.222468567971672471e+00
1.005345012955672956e+01,9.270856751781034077e+00
1.002710839143180621e+01,9.318507669435144081e+00
9.995629355001634408e+00,9.373277408906753649e+00
9.960124501507737094e+00,9.425356907971975673e+00
9.924290323956425297e+00,9.469131012267743230e+00
9.886177618068439088e+00,9.512071345178497950e+00
9.846571713891593802e+00,9.554456825394376907e+00
9.806365364855070155e+00,9.596611968761029843e+00
9.766491139706118929e+00,9.638879248035088665e+00
9.727852057913905170e+00,9.681590158707383154e+00
9.689230480340521368e+00,9.730862248537679449e+00
9.655343263770737039e+00,9.774678045013116545e+00
9.624262805656451647e+00,9.821348732905548218e+00
9.594918937109717660e+00,9.878210053678678548e+00
9.571296258392107958e+00,9.926240719039249427e+00
9.551468820726833897e+00,9.974989861026655191e+00
9.535275618906217332e+00,1.002439883343655325e+01
9.522449331427086605e+00,1.007438720300000590e+01
9.512651985852960124e+00,1.012486219231438866e+01
9.505506725985702232e+00,1.017572687081721661e+01
9.500623622938435986e+00,1.022688630106872587e+01
9.497619246502971180e+00,1.027825260616690706e+01
9.496131050353245229e+00,1.032974827903957404e+01
9.495827731649265857e+00,1.038130748903412481e+01
9.496416197746368582e+00,1.043287670118496990e+01
9.497645556563355740e+00,1.048441442425978032e+01
9.499308309505604342e+00,1.053589028944166373e+01
9.501239003701590136e+00,1.058728366932539977e+01
9.503310812229358362e+00,1.063858204942530428e+01
9.505430691638583340e+00,1.068977934517066330e+01
9.507533808198090242e+00,1.074087431496376155e+01
9.509577807606250488e+00,1.079186916469678259e+01
9.511537284169772732e+00,1.084276838591281589e+01
9.513395051364925692e+00,1.089364368981065567e+01
9.515146506362027523e+00,1.094448242610081223e+01
9.516792150610124068e+00,1.099521881297945747e+01
9.518329165250888124e+00,1.104586463547427932e+01
9.519756798261672870e+00,1.109643064690908609e+01
9.521080933575284178e+00,1.114692673292295666e+01
9.522322112274856920e+00,1.119736208926459575e+01
9.523524496289706320e+00,1.124774528774465665e+01
9.524761833935182054e+00,1.129803377275637111e+01
9.526693627357982308e+00,1.134173403453672613e+01
9.528119970963725649e+00,1.139357030462041642e+01
9.529753790794991630e+00,1.145000000000000107e+01
9.532176828834231230e+00,1.150000000000000000e+01
9.535087864008522374e+00,1.155000000000000071e+01
9.538480085406927600e+00,1.160000000000000142e+01
9.542302372484655848e+00,1.165000000000000036e+01
9.546471780071726698e+00,1.170000000000000107e+01
9.550888286093467627e+00,1.175000000000000000e+01
9.555447283583639262e+00,1.180000000000000071e+01
9.560047768746755992e+00,1.185000000000000142e+01
9.564596588552554124e+00,1.190000000000000036e+01
9.569010347191653665e+00,1.195000000000000107e+01
9.573216522119755822e+00,1.200000000000000000e+01
9.577154598027535215e+00,1.205000000000000071e+01
9.580777274612692906e+00,1.210000000000000142e+01
9.584051409890605555e+00,1.215000000000000036e+01
9.586958334658834957e+00,1.220000000000000107e+01
9.589493345319173301e+00,1.225000000000000000e+01
9.591664384367145857e+00,1.230000000000000071e+01
9.593490064493609637e+00,1.235000000000000142e+01
9.594997267406769836e+00,1.240000000000000036e+01
9.596218567050737391e+00,1.245000000000000107e+01
9.597189707739520514e+00,1.250000000000000000e+01
9.597947325262879303e+00,1.255000000000000071e+01
9.598527043922562285e+00,1.260000000000000142e+01
9.598962023486851791e+00,1.265000000000000036e+01
9.599281974582588361e+00,1.270000000000000107e+01
9.599512614717305325e+00,1.275000000000000000e+01
9.599675503439710766e+00,1.280000000000000071e+01
9.599788175351758213e+00,1.285000000000000142e+01
9.599864483006932403e+00,1.290000000000000036e+01
9.599915065873915410e+00,1.295000000000000107e+01
9.599947873341932336e+00,1.300000000000000000e+01
9.599968685797620083e+00,1.305000000000000071e+01
9.599981595039180249e+00,1.310000000000000142e+01
9.599989421326439398e+00,1.315000000000000036e+01
9.599994057664243741e+00,1.320000000000000107e+01
9.599996741787510501e+00,1.325000000000000000e+01
9.599998262756070488e+00,1.330000000000000071e+01
9.599999112550719360e+00,1.335000000000000142e+01
9.599999594319989171e+00,1.340000000000000036e+01
9.599999898762510142e+00,1.345000000000000107e+01
9.600000159283911927e+00,1.350000000000000000e+01
9.600000495647943666e+00,1.355000000000000071e+01
9.600001055293194696e+00,1.360000000000000142e+01
9.600002061586943469e+00,1.365000000000000036e+01
9.600003879151563169e+00,1.370000000000000107e+01
9.600007107974034781e+00,1.375000000000000000e+01
9.600012720060854932e+00,1.380000000000000071e+01
9.600022254485480744e+00,1.385000000000000142e+01
9.600038088123316271e+00,1.390000000000000036e+01
9.600063799289628719e+00,1.395000000000000107e+01
9.600104638835738058e+00,1.400000000000000000e+01
9.600168116929948425e+00,1.405000000000000071e+01
9.600264702830195063e+00,1.410000000000000142e+01
9.600408618959125562e+00,1.415000000000000036e+01
9.600618689761907021e+00,1.420000000000000107e+01
9.600919181399778068e+00,1.425000000000000000e+01
9.601340542699679403e+00,1.430000000000000071e+01
9.601919934474482332e+00,1.435000000000000142e+01
9.602701417778678916e+00,1.440000000000000036e+01
9.603735666713333785e+00,1.445000000000000107e+01
9.605079082597271167e+00,1.450000000000000000e+01
9.606792217120057487e+00,1.455000000000000071e+01
9.608937463965649073e+00,1.460000000000000142e+01
9.611576050135777649e+00,1.465000000000000036e+01
9.614764445437558038e+00,1.470000000000000107e+01
9.618550403659373416e+00,1.475000000000000000e+01
9.622968940993317233e+00,1.480000000000000071e+01
9.628038632045672784e+00,1.485000000000000142e+01
9.633758641997779648e+00,1.490000000000000036e+01
9.640106887353274701e+00,1.495000000000000107e+01
9.647039591357390975e+00,1.500000000000000000e+01
9.654492248250562625e+00,1.505000000000000071e+01
9.662381668650986910e+00,1.510000000000000142e+01
9.670608507910987584e+00,1.515000000000000036e+01
9.679059770930221518e+00,1.520000000000000107e+01
9.687611503198484186e+00,1.525000000000000000e+01
9.696133132758387063e+00,1.530000000000000071e+01
9.704496020107242771e+00,1.535000000000000142e+01
9.712588542433273631e+00,1.540000000000000036e+01
9.720337626484829130e+00,1.545000000000000107e+01
9.727732486636476494e+00,1.550000000000000000e+01
9.734842507977973014e+00,1.555000000000000071e+01
9.739517212783848521e+00,1.562153956806094612e+01
9.745910879469651178e+00,1.567424999267336716e+01
9.756502967066159826e+00,1.570262917030928840e+01
9.764507730687952858e+00,1.575340011784005512e+01
9.773300502568693204e+00,1.580435300013007804e+01
9.783031609102351922e+00,1.585553212285053348e+01
9.793786371824701575e+00,1.590698681212565546e+01
9.805591427874050581e+00,1.595877077709940295e+01
9.818426838089427733e+00,1.601094175995338631e+01
9.832237959291250107e+00,1.606356129068739946e+01
9.846943823001220508e+00,1.611669430175479434e+01
9.862441694340503773e+00,1.617040843118479998e+01
9.878606086493517680e+00,1.622480080646790057e+01
9.895301516367736028e+00,1.627989364328193034e+01
9.912372712855225032e+00,1.633573516206572052e+01
9.929645384351118764e+00,1.639239261759982824e+01
9.946928498022163723e+00,1.644992976952275399e+01
9.964013729008149411e+00,1.650840452380578682e+01
9.980673928871913958e+00,1.656786597232713731e+01
9.996660467886384183e+00,1.662835064279946096e+01
1.001169920860888496e+01,1.668987769267344490e+01
1.002548486400301897e+01,1.675244269825664389e+01
1.003767409968708968e+01,1.681600976379843715e+01
1.004787940127391721e+01,1.688050217409491793e+01
1.005566814369226059e+01,1.694579292019297512e+01
1.006057292745942533e+01,1.701169788315080567e+01
1.006211780124323596e+01,1.707797535192184668e+01
1.005985922381999487e+01,1.714433465437463155e+01
1.005343229658462789e+01,1.721045345528673209e+01
1.004258678006707228e+01,1.727599884873237102e+01
1.002719873335666634e+01,1.734064440628484149e+01
9.977925968888680330e+00,1.746067131984684195e+01
9.915548101565452299e+00,1.757274269314956427e+01
9.882643180745271039e+00,1.763577140718643221e+01
9.845152152753140484e+00,1.769604885576941200e+01
9.803184611225624678e+00,1.775318741345190432e+01
9.756931109905774946e+00,1.780684512959677690e+01
9.706663036427228164e+00,1.785674417470032083e+01
9.652723674917115915e+00,1.790268288813238939e+01
9.595512584682438728e+00,1.794454069801683005e+01
9.535465084090128940e+00,1.798227510195646062e+01
9.473028253722343806e+00,1.801590970143458748e+01
9.361851069989267415e+00,1.807976420631825221e+01
9.242754706704189971e+00,1.813141877838445382e+01
9.179365159675413111e+00,1.814978455189438122e+01
9.115215651076628234e+00,1.816433120302957960e+01
9.050552989189680986e+00,1.817510917688752770e+01
8.985628414067797110e+00,1.818225326383184637e+01
8.920687880470884679e+00,1.818598017644623965e+01
8.855956984407027832e+00,1.818656423591362170e+01
8.791627888918210232e+00,1.818430403773823656e+01
8.727852905552593299e+00,1.817949422145201765e+01
8.664745234583669742e+00,1.817241059115124813e+01
8.602384367489248618e+00,1.816330879996814573e+01
8.540822904570244845e+00,1.815243140320654902e+01
8.480092492547294469e+00,1.814001700179941068e+01
8.420208029257729265e+00,1.812630715098513789e+01
8.361170321438381237e+00,1.811154938833318440e+01
8.302967780500216222e+00,1.809599658406464329e+01
8.245577701657047953e+00,1.807990352781505905e+01
8.188967479463364896e+00,1.806352168488534815e+01
8.133095939689964027e+00,1.804709290815718603e+01
8.077940019958036899e+00,1.803084031602544712e+01
8.023490904653739264e+00,1.801496331933181594e+01
7.969656790107253030e+00,1.799964248010874712e+01
7.916376955516239988e+00,1.798502301599569719e+01
7.863590091919763658e+00,1.797121504440093176e+01
7.811235871476172044e+00,1.795828921087538887e+01
7.759256141194626366e+00,1.794626998135644058e+01
7.707595840464771975e+00,1.793512653461550954e+01
7.656203843481411475e+00,1.792476386457260062e+01
7.605033903401019479e+00,1.791501940988963781e+01
7.583970025120209790e+00,1.790137975068531162e+01
7.529821706900083456e+00,1.789316271409822079e+01
7.450000000000000178e+00,1.788696912908971015e+01
7.400000000000000355e+00,1.787734518629126512e+01
7.350000000000000533e+00,1.786722713699342435e+01
7.300000000000000711e+00,1.785655248386487415e+01
7.250000000000000000e+00,1.784534771163028211e+01
7.200000000000000178e+00,1.783370944891361631e+01
7.150000000000000355e+00,1.782177806843273515e+01
7.100000000000000533e+00,1.780971224063208425e+01
7.050000000000000711e+00,1.779766934350780261e+01
7.000000000000000000e+00,1.778579243120004705e+01
6.950000000000000178e+00,1.777420188944067192e+01
6.900000000000000355e+00,1.776298952876754456e+01
6.850000000000000533e+00,1.775221388728425964e+01
6.800000000000000711e+00,1.774189675123614052e+01
6.750000000000000000e+00,1.773202159751876295e+01
6.700000000000000178e+00,1.772253469128780168e+01
6.650000000000000355e+00,1.771334918874243414e+01
6.600000000000000533e+00,1.770435210579715957e+01
6.550000000000000711e+00,1.769541360156819465e+01
6.500000000000000000e+00,1.768639774739691006e+01
6.450000000000000178e+00,1.767717379919807286e+01
6.400000000000000355e+00,1.766762694377777621e+01
6.350000000000000533e+00,1.765766754041066378e+01
6.300000000000000711e+00,1.764723803541937741e+01
6.250000000000000000e+00,1.763631700907242816e+01
6.200000000000000178e+00,1.762492022831409955e+01
6.150000000000000355e+00,1.761309906761353261e+01
6.100000000000000533e+00,1.760093703674851184e+01
6.050000000000000711e+00,1.758854511101128182e+01
6.000000000000000000e+00,1.757605584497597917e+01
5.950000000000000178e+00,1.756361500279993493e+01
5.900000000000000355e+00,1.755136842690297527e+01
5.850000000000000533e+00,1.753944228157187268e+01
5.800000000000000711e+00,1.752791743380555900e+01
5.750000000000000000e+00,1.751680296514759050e+01
5.700000000000000178e+00,1.750601739901508225e+01
5.618530244059174450e+00,1.749877775994442075e+01
5.564987035197495935e+00,1.748897023872055101e+01
5.545841110535198126e+00,1.747325400368746529e+01
5.494675265767821948e+00,1.746147381142529298e+01
5.443256417741001663e+00,1.744879937825100313e+01
5.391528115192503634e+00,1.743504272937997968e+01
5.339426971558277835e+00,1.742008357872479252e+01
5.286883476628053025e+00,1.740386767820272240e+01
5.233822842215374749e+00,1.738640040013234156e+01
5.180142703239737578e+00,1.736774264084390040e+01
5.125839662164352717e+00,1.734799674541867631e+01
5.070769711684901537e+00,1.732732699595004888e+01
5.014877469766986451e+00,1.730593877010043258e+01
4.958111906707450167e+00,1.728408520531744230e+01
4.900405721374498924e+00,1.726206600960558291e+01
4.841702973707165292e+00,1.724021890134615731e+01
4.781962422488230224e+00,1.721891088936097347e+01
4.721160473668366997e+00,1.719852788433050605e+01
4.659293666890762964e+00,1.717946359707833892e+01
4.596380719976732365e+00,1.716210906935626923e+01
4.532464418252445171e+00,1.714684461404618077e+01
4.467613970520040390e+00,1.713403604833554539e+01
4.401928590923815499e+00,1.712403623576361866e+01
4.335542664794366452e+00,1.711719060722275287e+01
4.268631662602639487e+00,1.711384197473113744e+01
4.201416293592147966e+00,1.711432757816474393e+01
4.134161383929703781e+00,1.711896274227762405e+01
4.067167117327317172e+00,1.712801218477053666e+01
4.000754181137090804e+00,1.714165947086806341e+01
3.935249366471928134e+00,1.715999110817218209e+01
3.870980616612033298e+00,1.718300811776553516e+01
3.743931167509754410e+00,1.724585599760445831e+01
3.628469104001841750e+00,1.732186473767929868e+01
3.568324410232869504e+00,1.736224137506801313e+01
3.511631719469069157e+00,1.740733914672023630e+01
3.458937080263380093e+00,1.745710054420115043e+01
3.410715603889725500e+00,1.751134332173515062e+01
3.367330102673297354e+00,1.756975090177624566e+01
3.329011653409356786e+00,1.763188991597498756e+01
3.256722521463273345e+00,1.774748917701090534e+01
3.232245610073396502e+00,1.781191052322695256e+01
3.210322026090850489e+00,1.788191356232493590e+01
3.164466024169762193e+00,1.801078986521176617e+01
3.155545298419467848e+00,1.807876346401482337e+01
3.151060740717686937e+00,1.814705349928277656e+01
3.150599017061349816e+00,1.821545943654975730e+01
3.153789919191579028e+00,1.828350089760847297e+01
3.160196448066722397e+00,1.835075394031096963e+01
3.169266578379985155e+00,1.841713895746910978e+01
3.180512234547632655e+00,1.848249653842155027e+01
3.193481719468652447e+00,1.854672579850186764e+01
3.207770183612908887e+00,1.860977658255680467e+01
3.223018971327419546e+00,1.867163917141242990e+01
3.238907938542755716e+00,1.873233391385329583e+01
3.255145399446743859e+00,1.879190238565460902e+01
3.271459231874739970e+00,1.885040068157984905e+01
3.287591024343790025e+00,1.890789455614050141e+01
3.303293732971010588e+00,1.896445625941242596e+01
3.318332622717159008e+00,1.902016266216940821e+01
3.332489026041467461e+00,1.907509353893420823e+01
3.345565997327712093e+00,1.912933028114463951e+01
3.357394771889009810e+00,1.918295465473132921e+01
3.367841922241462616e+00,1.923603097560741304e+01
3.376814108269218906e+00,1.928858845449537540e+01
3.384251281480674223e+00,1.934072712014574336e+01
3.390135917827066692e+00,1.939252029493411555e+01
3.394492985097869564e+00,1.944403582895709448e+01
3.397396289530555613e+00,1.949533544354748216e+01
3.398979968094725024e+00,1.954647420057109386e+01
3.399450664401061584e+00,1.959749969604751030e+01
3.399087867195079493e+00,1.964828585954468565e+01
3.410186775879100463e+00,1.964075427186135059e+01
3.408251866380677342e+00,1.969559203367584388e+01
3.396400677196957485e+00,1.980000000000000071e+01
3.395909893539681423e+00,1.985000000000000142e+01
3.407089534985848100e+00,1.995617509904535325e+01
3.408456175150279321e+00,2.001211764758907918e+01
3.395686148622954370e+00,2.000338237311847678e+01
3.395169868531564550e+00,2.005447760660138812e+01
3.393889258330295977e+00,2.010568364680170816e+01
3.391571850881904382e+00,2.015704266631271224e+01
3.388017901026907808e+00,2.020860563574563784e+01
3.383097964869483665e+00,2.026043102357060732e+01
3.376741352981695421e+00,2.031258399640121226e+01
3.368925341680974128e+00,2.036513584107996522e+01
3.359669531506308093e+00,2.041816316810734833e+01
3.349037129215112429e+00,2.047177214513925847e+01
3.337125289984278709e+00,2.052599601001915985e+01
3.324073535704433979e+00,2.058089831498240585e+01
3.310060543722809001e+00,2.063656098328310051e+01
3.295297707179994262e+00,2.069306331503720742e+01
3.280023613890908685e+00,2.075047998108772873e+01
3.264499032645647336e+00,2.080887887051293461e+01
3.249003357889751253e+00,2.086831841136439891e+01
3.233833403445454557e+00,2.092884471006897229e+01
3.219305104420236763e+00,2.099048735716567649e+01
3.205758563449793819e+00,2.105325341703387565e+01
3.193566057186921103e+00,2.111711950569509355e+01
3.183140516900238026e+00,2.118202188133416186e+01
3.174939279280590387e+00,2.124784590454069644e+01
3.169456113511712747e+00,2.131441787641253427e+01
3.167196596194725711e+00,2.138150448763602540e+01
3.168687030610045863e+00,2.144895378927123986e+01
3.174278577574285443e+00,2.151630164839780335e+01
3.184197102655107692e+00,2.158306281071362775e+01
3.198665837915573462e+00,2.164905296042848093e+01
3.249006891162375510e+00,2.177314926687270713e+01
3.312963135169501694e+00,2.188873576264910170e+01
3.345568693363509816e+00,2.195333877971042469e+01
3.382985695884523025e+00,2.201506498459686867e+01
3.425147078612049700e+00,2.207344215544446797e+01
3.471879470651805466e+00,2.212805569805169625e+01
3.522896149683365508e+00,2.217858091847837088e+01
3.577808459215956471e+00,2.222480165478553715e+01
3.636154616728767497e+00,2.226660967503883271e+01
3.697439453216193606e+00,2.230398487710230881e+01
3.811277447612436031e+00,2.237457631999512842e+01
3.935039651260994642e+00,2.243235131602495258e+01
3.999031546807912285e+00,2.245319852218651491e+01
4.064076122305597671e+00,2.246965428549138011e+01
4.129887094360163324e+00,2.248171570868720437e+01
4.196168417006187035e+00,2.248948008000926890e+01
4.262623503738826258e+00,2.249315099872141488e+01
4.328972485515190982e+00,2.249301740827315044e+01
4.394968722342280643e+00,2.248941910962082602e+01
4.460408625602805266e+00,2.248271458989658811e+01
4.525133572466629950e+00,2.247326101383930919e+01
4.589026233947409494e+00,2.246140751759866205e+01
4.652004670436785005e+00,2.244749691894696753e+01
4.714016655408347134e+00,2.243186962979600452e+01
4.775035199958510113e+00,2.241486557752375575e+01
4.835055174181307258e+00,2.239682277486271644e+01
4.894090527461051998e+00,2.237807308709336951e+01
4.952171674793524048e+00,2.235893637669808243e+01
5.009342842954412234e+00,2.233971405988467396e+01
5.065659345177442319e+00,2.232068278475252754e+01
5.121184775115867005e+00,2.230208874147580644e+01
5.175965414946714915e+00,2.228414099917251789e+01
5.230027481527913302e+00,2.226700881763511575e+01
5.283475594248785434e+00,2.225082911187911350e+01
5.336383024823163623e+00,2.223569393724052290e+01
5.388820572902941919e+00,2.222165100992246067e+01
5.440855292942742061e+00,2.220869862146982499e+01
5.492549605110111699e+00,2.219677794553912520e+01
5.543960555890294017e+00,2.218576532358430953e+01
5.595139023774286180e+00,2.217546982747446549e+01
5.614613902626915731e+00,2.216110701437490960e+01
5.668563946085287242e+00,2.215246199435847174e+01
5.750000000000000000e+00,2.214608176362485636e+01
5.800000000000000711e+00,2.213604919454787989e+01
5.850000000000000533e+00,2.212550488170237273e+01
5.900000000000000355e+00,2.211437162702490511e+01
5.950000000000000178e+00,2.210266529102564803e+01
6.000000000000000000e+00,2.209047576450716122e+01
6.050000000000000711e+00,2.207793992225146695e+01
6.100000000000000533e+00,2.206521520645280532e+01
6.150000000000000355e+00,2.205245894010202079e+01
6.200000000000000178e+00,2.203981427045617636e+01
6.250000000000000000e+00,2.202740102851512560e+01
6.300000000000000711e+00,2.201530936307955244e+01
6.350000000000000533e+00,2.200359498345947884e+01
6.400000000000000355e+00,2.199227604036096295e+01
6.450000000000000178e+00,2.198133232721662367e+01
6.500000000000000000e+00,2.197070746532788021e+01
6.550000000000000711e+00,2.196031430418188535e+01
6.600000000000000533e+00,2.195004323704726090e+01
6.650000000000000355e+00,2.193977269341081637e+01
6.700000000000000178e+00,2.192938078612919384e+01
6.750000000000000000e+00,2.191875695838085392e+01
6.800000000000000711e+00,2.190781247897764672e+01
6.850000000000000533e+00,2.189648877368683344e+01
6.900000000000000355e+00,2.188476286834161755e+01
6.950000000000000178e+00,2.187264965965560393e+01
7.000000000000000000e+00,2.186020125912455825e+01
7.050000000000000711e+00,2.184750408228082819e+01
7.100000000000000533e+00,2.183467436665867467e+01
7.150000000000000355e+00,2.182185213964450909e+01
7.200000000000000178e+00,2.180919245201960166e+01
7.250000000000000000e+00,2.179685170845707631e+01
7.300000000000000711e+00,2.178496734717477068e+01
7.350000000000000533e+00,2.177363173387774964e+01
7.400000000000000355e+00,2.176286534157785013e+01
7.450000000000000178e+00,2.175259785024584147e+01
7.531507996791551918e+00,2.174591493897554884e+01
7.585989229305257986e+00,2.173709701205643796e+01
7.605545239458467499e+00,2.172253470475459736e+01
7.656816498485000011e+00,2.171206589217360516e+01
7.708326732735622855e+00,2.170093499094091527e+01
7.760125037844605167e+00,2.168897100832308666e+01
7.812265777504920017e+00,2.167607181967425234e+01
7.864807618804873890e+00,2.166220122732100251e+01
7.917812643177907006e+00,2.164738045423324309e+01
7.971345360153789805e+00,2.163167928648331895e+01
8.025471431637146935e+00,2.161520940019127224e+01
8.080256017361513443e+00,2.159811979867498621e+01
8.135797233629773473e+00,2.158059688999292192e+01
8.192109517408461272e+00,2.156284732739357324e+01
8.249219351305859149e+00,2.154510216152264235e+01
8.307172686096292225e+00,2.152761181531498380e+01
8.366006843858896147e+00,2.151063648196469202e+01
8.425749143652195627e+00,2.149443962613262471e+01
8.486415630040527347e+00,2.147928270489456537e+01
8.548009689163189151e+00,2.146542193803307796e+01
8.610520160473324580e+00,2.145310810790077127e+01
8.673918350166303526e+00,2.144259033236454215e+01
8.738153317406425202e+00,2.143412397605567676e+01
8.803145238756053814e+00,2.142798088462090789e+01
8.868777767635728893e+00,2.142445728862594834e+01
8.934891833408604711e+00,2.142387269470811617e+01
9.001284313431691331e+00,2.142655430501683611e+01
9.067714182138061574e+00,2.143280730491705555e+01
9.133915540871720751e+00,2.144287985937721430e+01
9.199612577828366611e+00,2.145693774425470224e+01
9.264528774829177138e+00,2.147506195383506267e+01
9.388592129492897342e+00,2.152861113515831448e+01
9.503932074501934224e+00,2.159501667880252995e+01
9.567442219840454953e+00,2.162937550124405206e+01
9.628289437031801512e+00,2.166817925294689218e+01
9.685968134768879523e+00,2.171146181819391074e+01
9.739995314342017707e+00,2.175917223875628181e+01
9.789941419165216985e+00,2.181116010532476679e+01
9.835456207178541632e+00,2.186717275894161006e+01
9.876287398937625639e+00,2.192686323017402827e+01
9.912289855631236435e+00,2.198980757043841550e+01
9.943423088400971110e+00,2.205553002700483489e+01
1.000510913369348742e+01,2.217214070310689777e+01
1.005322949658816434e+01,2.229681027744652866e+01
1.006641284450339136e+01,2.236360623304334538e+01
1.007511360637377962e+01,2.243087794477855468e+01
1.007963133165710268e+01,2.249847311053597565e+01
1.008030377640756647e+01,2.256605589005087253e+01
1.007756991747988806e+01,2.263331232982200092e+01
1.007193184557517540e+01,2.269996947547032207e+01
1.006390752139499511e+01,2.276581038318870398e+01
1.005399020233811846e+01,2.283068026859409372e+01
1.004262397930148687e+01,2.289448357285714408e+01
1.003019611474901929e+01,2.295717500342141548e+01
1.001704084899618685e+01,2.301874844572331824e+01
1.000344791726791094e+01,2.307922661610281878e+01
9.989670897625925861e+00,2.313865272846232557e+01
9.975933269287121874e+00,2.319708424680853653e+01
9.962432014030355276e+00,2.325458811690051775e+01
9.949339480856165707e+00,2.331123725726088480e+01
9.936804264665589415e+00,2.336710808177482690e+01
9.924951571834313313e+00,2.342227813128723923e+01
9.913881555965945225e+00,2.347680212990453441e+01
9.903670572554698737e+00,2.353070867113406806e+01
9.894381524251246063e+00,2.358410062708725263e+01
9.886054085978440042e+00,2.363704762998108677e+01
9.878709206783497621e+00,2.368961491621563198e+01
9.872350412711544010e+00,2.374186276825914277e+01
9.866965031242939332e+00,2.379384620070977974e+01
9.862525924363859886e+00,2.384561481974737518e+01
9.858994782240687371e+00,2.389721281790992080e+01
9.856327953704468570e+00,2.394867913428651818e+01
9.833612199973710943e+00,2.392614437924386550e+01
9.853437851240423484e+00,2.405000000081848199e+01
9.833182961420643409e+00,2.417426423044368278e+01
9.853724172598777642e+00,2.415370248637710660e+01
9.855107684441266613e+00,2.420519226902880305e+01
9.857375383377156908e+00,2.425682139194330134e+01
9.860573046164075706e+00,2.430862776711622786e+01
9.864737742415270461e+00,2.436065419845152391e+01
9.869892119710229395e+00,2.441294837547966168e+01
9.876041887822305299e+00,2.446556273128241799e+01
9.883175397366414927e+00,2.451855422941704177e+01
9.891263981864506505e+00,2.457198406271138680e+01
9.900262149652697019e+00,2.462591719508835197e+01
9.910107300926425111e+00,2.468042166868315235e+01
9.920719054314380614e+00,2.473556761623383693e+01
9.931998397925758226e+00,2.479142593960975915e+01
9.943820749579844076e+00,2.484811008190848725e+01
9.956052211463607193e+00,2.490564758461468742e+01
9.968537526088345757e+00,2.496407031946942823e+01
9.981094375919044026e+00,2.502343662468130248e+01
9.993515532806789281e+00,2.508379510941130874e+01
1.000556572041851133e+01,2.514518026553514929e+01
1.001697662237375042e+01,2.520760735502056349e+01
1.002744020732030172e+01,2.527106546637394047e+01
1.003660205795862481e+01,2.533550882834084916e+01
1.004405864532656167e+01,2.540084793687067943e+01
1.004936436554161183e+01,2.546694268650479742e+01
1.005205310533213137e+01,2.553360077380294868e+01
1.005167412697692875e+01,2.560058398125993762e+01
1.004783458327549717e+01,2.566762228317308114e+01
1.004023527757567358e+01,2.573443199024423933e+01
1.002862114460882026e+01,2.580090223596288723e+01
9.985913496227134090e+00,2.592209239571996449e+01
9.930514046374579351e+00,2.603720678097312913e+01
9.902795775366556086e+00,2.610411387538722749e+01
9.870779299184826883e+00,2.616895882442670640e+01
9.834531489056349329e+00,2.623142507718011984e+01
9.794197129221643650e+00,2.629124038897733229e+01
9.749982434255784369e+00,2.634817646126445112e+01
9.702129315477886706e+00,2.640203688850514041e+01
9.650891435712303235e+00,2.645264125398203348e+01
9.596521915369603306e+00,2.649981585528379568e+01
9.539275307639540458e+00,2.654339749931175518e+01
9.479417964850368250e+00,2.658324844314449820e+01
9.417236667679926398e+00,2.661927334508508736e+01
9.353037831682900816e+00,2.665142791720520421e+01
9.238879887351043152e+00,2.671319517557867584e+01
9.117559675633701843e+00,2.676286339298547290e+01
9.052949215684741091e+00,2.678037092576686717e+01
8.987605468736331815e+00,2.679406596530474260e+01
8.921756310519292299e+00,2.680397511513779918e+01
8.855642850039913583e+00,2.681021933402811541e+01
8.789507346657734033e+00,2.681300879995551867e+01
8.723576902326604099e+00,2.681261755114523382e+01
8.658049412723311633e+00,2.680934995749701955e+01
8.593085934947039206e+00,2.680351215505634954e+01
8.528809950840349430e+00,2.679539607112145916e+01
8.465311294637867690e+00,2.678527623017477310e+01
8.402651795790109901e+00,2.677341456183531676e+01
8.340870502334070125e+00,2.676006746121557001e+01
8.279987625445411226e+00,2.674549115817631062e+01
8.220007278488321134e+00,2.672994389519039515e+01
8.160919460971500783e+00,2.671368506794911113e+01
8.102741522694774545e+00,2.669696681969131902e+01
8.045477755009422083e+00,2.668003618133798938e+01
7.989034504974073414e+00,2.666313986597170071e+01
7.933361811620954995e+00,2.664649881475646964e+01
7.878403150730384219e+00,2.663031001172561929e+01
7.824097590696728055e+00,2.661474154245872015e+01
7.770381886791429160e+00,2.659992865477044788e+01
7.717192371703450071e+00,2.658597023801882742e+01
7.664466517449518790e+00,2.657292441255234294e+01
7.612144132064022628e+00,2.656080190202781566e+01
7.560168286525487780e+00,2.654955719002865422e+01
7.508486164792311790e+00,2.653908006698482680e+01
7.457050007068501962e+00,2.652919283592981259e+01
7.437075019678300869e+00,2.651519443973031542e+01
7.381519086486827419e+00,2.650691034037462757e+01
7.300000000000000711e+00,2.650041646643230564e+01
7.250000000000000000e+00,2.649041336662201829e+01
7.200000000000000178e+00,2.647983949210679810e+01
7.150000000000000355e+00,2.646863614077619076e+01
7.100000000000000533e+00,2.645684081274571042e+01
7.050000000000000711e+00,2.644456909499858455e+01
7.000000000000000000e+00,2.643198868199192830e+01
6.950000000000000178e+00,2.641929411663035054e+01
6.900000000000000355e+00,2.640668724330680917e+01
6.850000000000000533e+00,2.639436413356888522e+01
6.800000000000000711e+00,2.638250660948956039e+01
6.750000000000000000e+00,2.637127604749255738e+01
6.700000000000000178e+00,2.636080811506906585e+01
6.650000000000000355e+00,2.635120830007453918e+01
6.600000000000000533e+00,2.634254878349315021e+01
6.550000000000000711e+00,2.633486725781666848e+01
6.500000000000000000e+00,2.632816796189387532e+01
6.450000000000000178e+00,2.632242479595545603e+01
6.400000000000000355e+00,2.631758607733424071e+01
6.350000000000000533e+00,2.631358034413390712e+01
6.300000000000000711e+00,2.631032258674184732e+01
6.250000000000000000e+00,2.630772034561390171e+01
6.200000000000000178e+00,2.630567922405851533e+01
6.150000000000000355e+00,2.630410750076381987e+01
6.100000000000000533e+00,2.630291966800923475e+01
6.050000000000000711e+00,2.630203885167915701e+01
6.000000000000000000e+00,2.630139817668053226e+01
5.950000000000000178e+00,2.630094121938201113e+01
5.900000000000000355e+00,2.630062173524347813e+01
5.850000000000000533e+00,2.630040286700637608e+01
5.800000000000000711e+00,2.630025603182601657e+01
5.750000000000000000e+00,2.630015966147200857e+01
5.700000000000000178e+00,2.630009793562409470e+01
5.650000000000000355e+00,2.630005961118462920e+01
5.600000000000000533e+00,2.630003701588664455e+01
5.550000000000000711e+00,2.630002524598170410e+01
5.500000000000000000e+00,2.630002158724685302e+01
5.450000000000000178e+00,2.630002516604084661e+01
5.400000000000000355e+00,2.630003683136141035e+01
5.350000000000000533e+00,2.630005926750735057e+01
5.300000000000000711e+00,2.630009733714633668e+01
5.250000000000000000e+00,2.630015865325547253e+01
5.200000000000000178e+00,2.630025437265852162e+01
5.150000000000000355e+00,2.630040019144350794e+01
5.100000000000000533e+00,2.630061750211842764e+01
5.050000000000000711e+00,2.630093464405114645e+01
5.000000000000000000e+00,2.630138814435583328e+01
4.950000000000000178e+00,2.630202380961380015e+01
4.900000000000000355e+00,2.630289749510804853e+01
4.850000000000000533e+00,2.630407535440617295e+01
4.800000000000000711e+00,2.630563336551206532e+01
4.750000000000000000e+00,2.630765594726955214e+01
4.700000000000000178e+00,2.631023352630904810e+01
4.650000000000000355e+00,2.631345899260526977e+01
4.600000000000000533e+00,2.631742308858603963e+01
4.549999999999999822e+00,2.632220890588268603e+01
4.500000000000000000e+00,2.632788580358910835e+01
4.450000000000000178e+00,2.633450319619851498e+01
4.400000000000000355e+00,2.634208476790659148e+01
4.350000000000000533e+00,2.635062372705340650e+01
4.299999999999999822e+00,2.636007968656662825e+01
4.250000000000000000e+00,2.637037760385338458e+01
4.200000000000000178e+00,2.638140891250149522e+01
4.150000000000000355e+00,2.639303457278121812e+01
4.100000000000000533e+00,2.640508943525541952e+01
4.049999999999999822e+00,2.641738735656152670e+01
4.000000000000000000e+00,2.642972718904039908e+01
3.950000000000000178e+00,2.644190097292011643e+01
3.900000000000000355e+00,2.645370665123807541e+01
3.850000000000000089e+00,2.646496723371264181e+01
3.800000000000000266e+00,2.647555575810178752e+01
3.750000000000000000e+00,2.648542119596434219e+01
3.700000000000000178e+00,2.649460682223634223e+01
3.620035074496064098e+00,2.650052400146786269e+01
3.563182207712821459e+00,2.650762094910544420e+01
3.541212815509242162e+00,2.652007884879354549e+01
3.489597189174016734e+00,2.652854668615345091e+01
3.437734229587297907e+00,2.653741500450412616e+01
3.385581136054586437e+00,2.654684804699224543e+01
3.333091250786669679e+00,2.655694504033942138e+01
3.280215040506981428e+00,2.656774392460172152e+01
3.226900923026424728e+00,2.657923079687722989e+01
3.173096100853349810e+00,2.659134964158465664e+01
3.118747593915698779e+00,2.660400958134638927e+01
3.063803574448172196e+00,2.661708952210160817e+01
3.008214985340333492e+00,2.663044143366690619e+01
2.951937347605149142e+00,2.664389351462368083e+01
2.894932659258998342e+00,2.665725378615599084e+01
2.837171333466435463e+00,2.667031395579383002e+01
2.778634177758346535e+00,2.668285305686818987e+01
2.719314451275742783e+00,2.669464039534789990e+01
2.659220052361598086e+00,2.670543751657322673e+01
2.598375905103079475e+00,2.671499902767997270e+01
2.536826652697010687e+00,2.672307209470752554e+01
2.474639814525836812e+00,2.672939440926710475e+01
2.411909535011908190e+00,2.673369072804662139e+01
2.348760790575203039e+00,2.673566906820379430e+01
2.285236824167330649e+00,2.673498604650182742e+01
2.221550313537910881e+00,2.673131792559783548e+01
2.158021929096915592e+00,2.672436761132172833e+01
2.094905763134253363e+00,2.671384157592650510e+01
2.032469369745597998e+00,2.669950767354212573e+01
1.970976188214833336e+00,2.668122573471663372e+01
1.910667985689621373e+00,2.665896654813122524e+01
1.805783288872995218e+00,2.661240018581958822e+01
1.706358809646743024e+00,2.655590380093886793e+01
1.648341029961259974e+00,2.652049571808191075e+01
1.592295878754531602e+00,2.648169548695670983e+01
1.538248929270902954e+00,2.643980121486655221e+01
1.486159759645092837e+00,2.639516879405239180e+01
1.435932960046865103e+00,2.634818485288339218e+01
1.387437875524346165e+00,2.629923446963628919e+01
1.340532477305050874e+00,2.624867085194939875e+01
1.295086020441347019e+00,2.619679305408003245e+01
1.250996655114378964e+00,2.614383440220669996e+01
1.208202688077093079e+00,2.608996074226292450e+01
1.166688292690253093e+00,2.603527553930596738e+01
1.126485388237413510e+00,2.597982858221172009e+01
1.087673226360782452e+00,2.592362595970016770e+01
1.050376388408656325e+00,2.586664026431066787e+01
1.014760843348044839e+00,2.580882110814315311e+01
9.810268283859531202e-01,2.575010667756165361e+01
9.493970680834675768e-01,2.569043695764992208e+01
9.200996759752416709e-01,2.562976833301841850e+01
8.933469410091264828e-01,2.556808787389492466e+01
8.693132757605945837e-01,2.550542456137143787e+01
8.481166522663705631e-01,2.544185480214255790e+01
8.126743039786190614e-01,2.534912305327537752e+01
7.859785287861720260e-01,2.525592567290665613e+01
7.759984030274706956e-01,2.519523186224125055e+01
7.686349210220734252e-01,2.513429208268970783e+01
7.637221012296777634e-01,2.507328046022866275e+01
7.610280371680413491e-01,2.501237120396033831e+01
7.602776411595926209e-01,2.495172560652958182e+01
7.611798487710605965e-01,2.489148117987664932e+01
7.634660962201600398e-01,2.483179963264810652e+01
7.668837168690387784e-01,2.477278853064430564e+01
7.711850496711331049e-01,2.471442789444263965e+01
7.761711135803763817e-01,2.465674219733693562e+01
7.816675228136354958e-01,2.459973633731496179e+01
7.875195094948175267e-01,2.454340019363580794e+01
7.935885419996101531e-01,2.448771220127325776e+01
7.997508276584425202e-01,2.443264209557695565e+01
8.058971724581418528e-01,2.437815311101982019e+01
8.119334793305330589e-01,2.432420386099755660e+01
8.177812886984388019e-01,2.427075002130702686e+01
8.233779155383235127e-01,2.421774586278562325e+01
8.286758069035278229e-01,2.416514563908107860e+01
8.336408097388325888e-01,2.411290481268314778e+01
8.382493013102750856e-01,2.406098107486601734e+01
8.424847744532725224e-01,2.400933508219214474e+01
8.463354189835788910e-01,2.395793082030731114e+01
8.497949893208920358e-01,2.390673555397314232e+01
8.528689446336115143e-01,2.385571944511933040e+01
8.555858498543684743e-01,2.380485507295061964e+01
8.580106725488325647e-01,2.375411717245964738e+01
8.602535559238864149e-01,2.370348282879136192e+01
8.643554525139851563e-01,2.366622791448122598e+01
8.660437166771236539e-01,2.361254584866121320e+01
8.675702263943728676e-01,2.355000000000000071e+01
8.706910509581505808e-01,2.350000000000000000e+01
8.743454198903886088e-01,2.345000000000000284e+01
8.785363895404502133e-01,2.340000000000000213e+01
8.832023590711204353e-01,2.335000000000000142e+01
8.882373092192294983e-01,2.330000000000000071e+01
8.935143813352968145e-01,2.325000000000000000e+01
8.989052413102764927e-01,2.320000000000000284e+01
9.042917626520637908e-01,2.315000000000000213e+01
9.095706798677172245e-01,2.310000000000000142e+01
9.146540676088816824e-01,2.305000000000000071e+01
9.194685196195619969e-01,2.300000000000000000e+01
9.239546743901720927e-01,2.295000000000000284e+01
9.280674144213586496e-01,2.290000000000000213e+01
9.317763086820376461e-01,2.285000000000000142e+01
9.350657258739596411e-01,2.280000000000000071e+01
9.379342529977300336e-01,2.275000000000000000e+01
9.403933333027851837e-01,2.270000000000000284e+01
9.424652441837674255e-01,2.265000000000000213e+01
9.441806406068866675e-01,2.260000000000000142e+01
9.455759175590354726e-01,2.255000000000000071e+01
9.466906262632939217e-01,2.250000000000000000e+01
9.475651347529530089e-01,2.245000000000000284e+01
9.482386671244086296e-01,2.240000000000000213e+01
9.487477966213239133e-01,2.235000000000000142e+01
9.491254126744881336e-01,2.230000000000000071e+01
9.494001362483268647e-01,2.225000000000000000e+01
9.495961243827755194e-01,2.220000000000000284e+01
9.497331846838349412e-01,2.215000000000000213e+01
9.498271129437390048e-01,2.210000000000000142e+01
9.498901699687705147e-01,2.205000000000000071e+01
9.499316241828077434e-01,2.200000000000000000e+01
9.499583015465093982e-01,2.195000000000000284e+01
9.499751009076922159e-01,2.190000000000000213e+01
9.499854487634897815e-01,2.185000000000000142e+01
9.499916809877841928e-01,2.180000000000000071e+01
9.499953495268440573e-01,2.175000000000000000e+01
9.499974592101252391e-01,2.170000000000000284e+01
9.499986439579253261e-01,2.165000000000000213e+01
9.499992933734926481e-01,2.160000000000000142e+01
9.499996406724514619e-01,2.155000000000000071e+01
9.499998217878813378e-01,2.150000000000000000e+01
9.499999138447119407e-01,2.145000000000000284e+01
9.499999594244279422e-01,2.140000000000000213e+01
9.499999813957569206e-01,2.135000000000000142e+01
9.499999917008137285e-01,2.130000000000000071e+01
9.499999964006036191e-01,2.125000000000000000e+01
9.499999984834046618e-01,2.120000000000000284e+01
9.499999993796891529e-01,2.115000000000000213e+01
9.499999997539191332e-01,2.110000000000000142e+01
9.499999999054030697e-01,2.105000000000000071e+01
9.499999999647971149e-01,2.100000000000000000e+01
9.499999999873317558e-01,2.095000000000000284e+01
9.499999999955965890e-01,2.090000000000000213e+01
9.499999999985234700e-01,2.085000000000000142e+01
9.499999999995230038e-01,2.080000000000000071e+01
9.499999999998516298e-01,2.075000000000000000e+01
9.499999999999556577e-01,2.070000000000000284e+01
9.499999999999872990e-01,2.065000000000000213e+01
9.499999999999965139e-01,2.060000000000000142e+01
9.499999999999990674e-01,2.055000000000000071e+01
9.499999999999999556e-01,2.050000000000000000e+01
