x,y
-1.437022367900844699e+00,1.560352425937272969e+00
-1.452373054429029420e+00,1.604009717536417856e+00
-1.468122054687844402e+00,1.647532979775429229e+00
-1.484302984635943456e+00,1.690910669875809180e+00
-1.501004237341265313e+00,1.734133545001516286e+00
-1.518183787011530450e+00,1.777194610556604326e+00
-1.535921559101732781e+00,1.820088993785514919e+00
-1.554166659878569279e+00,1.862814384258653089e+00
-1.572989834328608172e+00,1.905370686504581634e+00
-1.600725711084857394e+00,1.947760401288228582e+00
-1.620619509151273840e+00,1.989988215633113455e+00
-1.649340593402440991e+00,2.032061101339615483e+00
-1.678527127849094081e+00,2.073988431714917091e+00
-1.708147939322450570e+00,2.107378190576020049e+00
-1.738166782676821231e+00,2.149050979271135198e+00
-1.768542503349801454e+00,2.182214949326182207e+00
-1.799229252699369397e+00,2.223694186108507775e+00
-1.830109097569721399e+00,2.256699716713011394e+00
-1.861186044800665851e+00,2.289654517649398535e+00
-1.892333636958422272e+00,2.330982369940085341e+00
-1.923547944203322757e+00,2.363896704312462127e+00
-1.954695416216998050e+00,2.396822079432737951e+00
-1.985698300849160436e+00,2.438183022442119263e+00
-2.016476062260892821e+00,2.471192874877073731e+00
-2.046945912538082890e+00,2.512678786920410356e+00
-2.077023372269910517e+00,2.545852708323290692e+00
-2.106622855151825124e+00,2.579136417292080985e+00
-2.135658271369831329e+00,2.620950434442636201e+00
-2.164043644255553289e+00,2.662906463578889049e+00
-2.191693734471661159e+00,2.705018119075450311e+00
-2.218524665798189410e+00,2.747297303821722103e+00
-2.244454546446923882e+00,2.789754119421022693e+00
-2.269404079739056890e+00,2.832329318777803806e+00
-2.293297157947928433e+00,2.875019907273755670e+00
-2.316061433139913639e+00,2.917887697305868500e+00
-2.337628692811340780e+00,2.960933487730536218e+00
-2.357935742417038405e+00,3.004088574889484331e+00
-2.376924488573926464e+00,3.047408359621564866e+00
-2.394542736129587457e+00,3.090819878771638773e+00
-2.402340675801311942e+00,3.134374545144686497e+00
-2.417026493392446795e+00,3.177995726691831724e+00
-2.421826695835354037e+00,3.221663871620061848e+00
-2.425058994766456699e+00,3.265425271067466717e+00
-2.426711218465686493e+00,3.309266425845606374e+00
-2.426777488047719977e+00,3.353164801540724937e+00
-2.425258269824632329e+00,3.397097617441512618e+00
-2.422160364463104454e+00,3.441109715472368435e+00
-2.409093115283434727e+00,3.485120278615088552e+00
-2.402950466518844586e+00,3.529175644449314753e+00
-2.386959883012663930e+00,3.573256003714921025e+00
-2.377969807789099832e+00,3.617284150034514756e+00
-2.359220409266619800e+00,3.661310591287935789e+00
-2.339168882296132068e+00,3.705320194467523365e+00
-2.317874298207879935e+00,3.749240874226302367e+00
-2.295400827429415092e+00,3.793128636240625795e+00
-2.271817251181393882e+00,3.836915068312100274e+00
-2.247196433832574058e+00,3.880659987405649325e+00
-2.221614761709849173e+00,3.924357736904458882e+00
-2.195151554430254226e+00,3.967945895090438935e+00
-2.167888455012549009e+00,4.011431086437116988e+00
-2.139908805141184089e+00,4.054821274375203011e+00
-2.111297012000416640e+00,4.098125683837261057e+00
-2.082137913076506308e+00,4.132951197724068493e+00
-2.052516145246344514e+00,4.167713108769046215e+00
-2.022515524335875892e+00,4.210827591192831676e+00
-1.992218441144726571e+00,4.253904151547197365e+00
-1.961705279930612722e+00,4.288552819021845153e+00
-1.931053864036623491e+00,4.331594821124811645e+00
-1.900338934944103553e+00,4.366237110501933749e+00
-1.869631668372844446e+00,4.409300903281124562e+00
-1.838990656144403824e+00,4.443992696160936617e+00
-1.808470210267018041e+00,4.478729303041042442e+00
-1.778187255589453564e+00,4.521926759511234906e+00
-1.748186967358991595e+00,4.565192737261790867e+00
-1.718509936460059340e+00,4.600133728680980028e+00
-1.689191950032431055e+00,4.643565582294995053e+00
-1.660263827505056522e+00,4.687091961844696009e+00
-1.631683657564150680e+00,4.730718206771351575e+00
-1.611925164435025870e+00,4.774448096046999268e+00
-1.592590417123699531e+00,4.818283378777733716e+00
-1.573747472448114415e+00,4.862223924691008392e+00
-1.555265810458047682e+00,4.906267850358323912e+00
-1.537262573451894099e+00,4.950411130682109473e+00
-1.519656651111304102e+00,4.994647829212832235e+00
-1.502421486615053814e+00,5.038970301598435952e+00
-1.485526234358925946e+00,5.083368880300191961e+00
-1.468936039914723768e+00,5.127832339072980083e+00
-1.452612358789310942e+00,5.172279959969245056e+00
-1.436513309735767630e+00,5.216687701012418188e+00
-1.420594057982344172e+00,5.261029374275238979e+00
-1.404807223451292497e+00,5.305276547095876261e+00
-1.389103308838671058e+00,5.349398678395530737e+00
-1.373431142314989417e+00,5.393363271336634845e+00
-1.357738329580133740e+00,5.437195121191755298e+00
-1.341971710057653588e+00,5.480850619949432456e+00
-1.326077812135318945e+00,5.524226482148576700e+00
-1.310003302542291692e+00,5.567285782132111116e+00
-1.293695425189350878e+00,5.610049594609213486e+00
-1.277102425079776449e+00,5.652412268403288031e+00
-1.260173953214599685e+00,5.694394237988844587e+00
-1.234457948763085344e+00,5.735889662248712106e+00
-1.216715209516847640e+00,5.776919037811308222e+00
-1.198498336912908746e+00,5.817436091582274926e+00
-1.179766029097672586e+00,5.857336795938728358e+00
-1.160480052552676167e+00,5.896585093852609205e+00
-1.140605679334425693e+00,5.935204757882214466e+00
-1.120111495628039577e+00,5.973094702587566474e+00
-1.090566215145234885e+00,6.010222738009312060e+00
-1.060349887286811565e+00,6.046558169602638699e+00
-1.037786971890702681e+00,6.082072044044974923e+00
-1.014465636355722733e+00,6.116737381417921782e+00
-9.819769872683008494e-01,6.150529388756019955e+00
-9.571261357155128602e-01,6.183425651196250428e+00
-9.231069279817395445e-01,6.215406297962664084e+00
-8.883272165979696489e-01,6.246454139146814910e+00
-8.527944139873411267e-01,6.276554770785315540e+00
-8.165189005027351232e-01,6.305696647005055056e+00
-7.795139083163109550e-01,6.325467616733321918e+00
-7.417953834966050097e-01,6.344265805973856587e+00
-7.033818289060124185e-01,6.362088706845879571e+00
-6.642941307828602593e-01,6.378936612194005207e+00
-6.245553720332124303e-01,6.394812517248711359e+00
-5.841906353456274292e-01,6.409721990105232692e+00
-5.432267992572953341e-01,6.423673013755092143e+00
-5.016923302445097654e-01,6.436675636804354284e+00
-4.596170737886450253e-01,6.448741978436368427e+00
-4.170320471869822243e-01,6.459886165198972741e+00
-3.739692366434773096e-01,6.470123879929889910e+00
-3.304614008981791584e-01,6.479471953703144216e+00
-2.865418833436787494e-01,6.487948495338537569e+00
-2.422444342447092613e-01,6.495572262226037452e+00
-1.976621240008200608e-01,6.502295138644515582e+00
-1.527622311985817050e-01,6.508127355313908069e+00
-1.075795878400473415e-01,6.513146019149667509e+00
-6.214879143288182944e-02,6.517301546532004330e+00
-1.657174409422137659e-02,6.520602192322238366e+00
2.917594261794299870e-02,6.523054622165849636e+00
7.506008618921959641e-02,6.524664138720726925e+00
1.209203623725656207e-01,6.525434350216264612e+00
1.667897513046392721e-01,6.525367093721959222e+00
2.126333016828188538e-01,6.524462396498602601e+00
2.584074968833074970e-01,6.522718476016869715e+00
3.040774334970767212e-01,6.520131778555776414e+00
3.496083210550776643e-01,6.516697057131477067e+00
3.948978905401970829e-01,6.512407481481376159e+00
4.399108912635724122e-01,6.507254786644352862e+00
4.846115269464489894e-01,6.501229451889697586e+00
5.289635614025938182e-01,6.494320908175239104e+00
5.729304378298279987e-01,6.486576850102041547e+00
6.164754118936929261e-01,6.477977610476332693e+00
6.595616984971048868e-01,6.468504037807491613e+00
7.021526318120350219e-01,6.458137725055317802e+00
7.442118378097628550e-01,6.446861242390336422e+00
7.857034181734079414e-01,6.434658370051777432e+00
8.265921441197551234e-01,6.421514327224397078e+00
8.668436583072485213e-01,6.407415993020703304e+00
9.064246826744132290e-01,6.392352114895841098e+00
9.453032305356756648e-01,6.376313500563426828e+00
9.834488178621298982e-01,6.359293190498507720e+00
1.020832673378860855e+00,6.341286607116612295e+00
1.057427943196781683e+00,6.322291677136009369e+00
1.093209886986470147e+00,6.293905425742567061e+00
1.128156228639863645e+00,6.264534920059090517e+00
1.162246950314481664e+00,6.242589923849909184e+00
1.195464661336316237e+00,6.211272019343240913e+00
1.219391228722790599e+00,6.178996334270734359e+00
1.250822265250686849e+00,6.145777099512879538e+00
1.281345454470971257e+00,6.111631057050517235e+00
1.302551486829782501e+00,6.076577338844332488e+00
1.331245133841915118e+00,6.040637320019720313e+00
1.350619779793504893e+00,6.003834448942185986e+00
1.369082493879179019e+00,5.966194057497096637e+00
1.395043310106112378e+00,5.927743155171679490e+00
1.411713298487630608e+00,5.888513216757743862e+00
1.427499233703549697e+00,5.848530909362469998e+00
1.442416124706143776e+00,5.807826973583729568e+00
1.456481404333607843e+00,5.766432914985371916e+00
1.469714755966612163e+00,5.724380774037101105e+00
1.482137922326264290e+00,5.681702901951386053e+00
1.493774499608076622e+00,5.638431579253885495e+00
1.504649720307717597e+00,5.594599021524601312e+00
1.514790228175345810e+00,5.550237181872869741e+00
1.524223848737073617e+00,5.505377569748182154e+00
1.532979358747847076e+00,5.460051087368782419e+00
1.541086257795189374e+00,5.414287884618211422e+00
1.548574545065140029e+00,5.368117232847620102e+00
1.555474504019171089e+00,5.321567417638028097e+00
1.561817367133303103e+00,5.274665420974603336e+00
1.567633218130569661e+00,5.227437551112160463e+00
1.572952126824183505e+00,5.179908672401358771e+00
1.577803726447965627e+00,5.132102414867295792e+00
1.582217068355368017e+00,5.084041151977081618e+00
1.586220493804566534e+00,5.035805071669121169e+00
1.589841522838715271e+00,4.987406301484022642e+00
1.593106760969825952e+00,4.938797451526335536e+00
1.596041822381698561e+00,4.890056544350027679e+00
1.598730348681213442e+00,4.841193505549228782e+00
1.601129005831133600e+00,4.792217806641328792e+00
1.603260939673601726e+00,4.743138455381254559e+00
1.605207177603251933e+00,4.693963989810749915e+00
1.606921661890883701e+00,4.644702475878065506e+00
1.608483819574051843e+00,4.595361508429691710e+00
1.609905037828521124e+00,4.545948215696698824e+00
1.620000000000000995e+00,4.500000000000000000e+00
1.620000000000000995e+00,4.450000000000001066e+00
1.620000000000000995e+00,4.400000000000000355e+00
1.620000000000000995e+00,4.349999999999999645e+00
1.620000000000000995e+00,4.300000000000000711e+00
1.620000000000000995e+00,4.250000000000000000e+00
1.620000000000000995e+00,4.200000000000001066e+00
1.620000000000000995e+00,4.150000000000000355e+00
1.620000000000000995e+00,4.099999999999999645e+00
1.620000000000000995e+00,4.050000000000000711e+00
1.620000000000000995e+00,4.000000000000000000e+00
1.620000000000000995e+00,3.950000000000000622e+00
1.620000000000000995e+00,3.899999999999999911e+00
1.620000000000000995e+00,3.850000000000000089e+00
1.620298332504039207e+00,3.799629156134524344e+00
1.620702874052789788e+00,3.749698018544473488e+00
1.621099611787947925e+00,3.699758248952638162e+00
1.621492487755246348e+00,3.649811296078853573e+00
1.621885100455191520e+00,3.599858475188186802e+00
1.622280703963706605e+00,3.549900984732432985e+00
1.622682205500532548e+00,3.499939756077228292e+00
1.623092161455707894e+00,3.449975678148520242e+00
1.623512771950678779e+00,3.400009770515087126e+00
1.623945656197878229e+00,3.350042814784030210e+00
1.624392053205097497e+00,3.300075578746493488e+00
1.624852803737703688e+00,3.250108822776356376e+00
1.625328279989987079e+00,3.200143306336832083e+00
1.625818199695776123e+00,3.150179794567268043e+00
1.626321981344825973e+00,3.100219064920279877e+00
1.626838340381818737e+00,3.050262131697781598e+00
1.627365479214211152e+00,3.000309877978183160e+00
1.627893480902486978e+00,2.950360822275173600e+00
1.628429235832873800e+00,2.900419579250392843e+00
1.628968869706540534e+00,2.850487392774842199e+00
1.629507958473307871e+00,2.800565674545675066e+00
1.630041509254582355e+00,2.750656021247434690e+00
1.630563945514671875e+00,2.700760232592839927e+00
1.631069096851596179e+00,2.650880330155509057e+00
1.631550193696684747e+00,2.601018576884150058e+00
1.631999867121460390e+00,2.551177497164116126e+00
1.632410153853403489e+00,2.501359897268311094e+00
1.632772506502459198e+00,2.451568886015637716e+00
1.633077808900989192e+00,2.401807895432148676e+00
1.633316396364774103e+00,2.352080701188219880e+00
1.633478080594859883e+00,2.302391442565085100e+00
1.641954919405702373e+00,2.252744841879624538e+00
1.641861272418188022e+00,2.203145556922915915e+00
1.641647287617248985e+00,2.153598943176597835e+00
1.641300099550455860e+00,2.104110787183708808e+00
1.640806460439134806e+00,2.054687320560736996e+00
1.640152795406038200e+00,2.005335231793634598e+00
1.639325260066077039e+00,1.956061675770042863e+00
1.638309801090680695e+00,1.906874280218991302e+00
1.637024561636476472e+00,1.857781148917440284e+00
1.635513437015668092e+00,1.808790862219687767e+00
1.633693531458893400e+00,1.759912473793777021e+00
1.631540145888571880e+00,1.711155503735174666e+00
1.629027736080171707e+00,1.662529927911235106e+00
1.626129960530166674e+00,1.614046163427375724e+00
1.622819737893068881e+00,1.565782706575593375e+00
1.619069316427788063e+00,1.517692618462328058e+00
1.614850355515875080e+00,1.469856106391148609e+00
1.610134024158549115e+00,1.422295571211412257e+00
1.604891100366477419e+00,1.375034676316496229e+00
1.599092100009556594e+00,1.328098327935105072e+00
1.592707413940674943e+00,1.281512638618219402e+00
1.585707459222463367e+00,1.235304874448104329e+00
1.578062843849970198e+00,1.189503384847747647e+00
1.569744543978329965e+00,1.144137514079904383e+00
1.560724092270031393e+00,1.099237493785862663e+00
1.550973775583689651e+00,1.054834316222971191e+00
1.540466839848386504e+00,1.010959588215490923e+00
1.529177699618025743e+00,9.676453662262747279e-01
1.517082149491975063e+00,9.249239733823502174e-01
1.504157574333896186e+00,8.828277997337758976e-01
1.490383155031379525e+00,8.413890874803982012e-01
1.467277487356189125e+00,8.006397033015131282e-01
1.451698106070010930e+00,7.606111185215349568e-01
1.435226413381121002e+00,7.213340071460012659e-01
1.417849873823107565e+00,6.828380073065620781e-01
1.399558867869381107e+00,6.451514835728863195e-01
1.380346428228235611e+00,6.083012940195938745e-01
1.360208709027676210e+00,5.723125660506961365e-01
1.330741167763515032e+00,5.372084850025549141e-01
1.308753357839328002e+00,5.030100994622390687e-01
1.277443512012496507e+00,4.697361470490871160e-01
1.245223780705982497e+00,4.374029041161753284e-01
1.212105586142307345e+00,4.060240624378167462e-01
1.178103421108521953e+00,3.756106354688688587e-01
1.143234579675193707e+00,3.545743962029872520e-01
1.107519029604107086e+00,3.261134671645147254e-01
1.070979262718605440e+00,3.070375826580009626e-01
1.033640126004836013e+00,2.889428657950776635e-01
9.955286364879325500e-01,2.718262772202756916e-01
9.566737831254645830e-01,2.556822146270685270e-01
9.171063190624479944e-01,2.405026424311118016e-01
8.768585476212777952e-01,2.262772491710878242e-01
8.359641053373871866e-01,2.129936286510753507e-01
7.944577452141589058e-01,2.006374820863983666e-01
7.523751231616186974e-01,1.891928374852108741e-01
7.097525903145365245e-01,1.786422812245014591e-01
6.666269936070554625e-01,1.689671986841181084e-01
6.230354866252885149e-01,1.601480184848654287e-01
5.790153523792465062e-01,1.521644568776099327e-01
5.346038392437582054e-01,1.449957583233457414e-01
4.898380109270724647e-01,1.386209278903972053e-01
4.447546109469653342e-01,1.330189522232290145e-01
3.994491875459245667e-01,1.282366624333587390e-01
3.538906534566860218e-01,1.242630879361329710e-01
3.081148970848332502e-01,1.210887423683615904e-01
2.622246986143667580e-01,1.187058005708070685e-01
2.161961678700853318e-01,1.171082435122301479e-01
1.701312943471647021e-01,1.162919688750559677e-01
1.240053206428853305e-01,1.162548655597769875e-01
7.797838300066023409e-02,1.169968509220894182e-01
3.202558947933288602e-02,1.185198701251435616e-01
-1.375156019018812861e-02,1.208278575668704641e-01
-5.938600963513214481e-02,1.239266609202996083e-01
-1.047844556717787978e-01,1.278239289007740143e-01
-1.499122306432675023e-01,1.325289644402981304e-01
-1.947343268494867996e-01,1.379932479513818200e-01
-2.392155150024099786e-01,1.442955613270073822e-01
-2.833204774507044332e-01,1.513888013382977960e-01
-3.270139562955106105e-01,1.592936340731132272e-01
-3.702609158421867330e-01,1.680302265754247404e-01
-4.130267197325926398e-01,1.776181642033829999e-01
-4.552773206748950141e-01,1.880764107452454481e-01
-4.969794625788228060e-01,1.994226708855877939e-01
-5.381008922290352325e-01,2.116732936921752462e-01
-5.786105791770781437e-01,2.248432314270578103e-01
-6.184789411446492968e-01,2.389454138378760695e-01
-6.576780721369004379e-01,2.539908947426970931e-01
-6.961819701829758955e-01,2.699882567982861969e-01
-7.339667613966465165e-01,2.869435791487188192e-01
-7.710109168925347589e-01,3.048604816018824493e-01
-8.072954590111220963e-01,3.237398221734762993e-01
-8.428041533044834388e-01,3.435795926197072747e-01
-8.775236828180581483e-01,3.727783479855308890e-01
-9.114439677469385881e-01,4.029242911370997104e-01
-9.445579186580947972e-01,4.340061506605803476e-01
-9.684582559408201341e-01,4.660097148204588313e-01
-9.999519628811179839e-01,4.989179015782063686e-01
-1.022235069923644213e+00,5.327108627726043766e-01
-1.052121425179340264e+00,5.673661203408486564e-01
-1.072813913446834189e+00,6.028587328807523127e-01
-1.092729826593074716e+00,6.391614882829822486e-01
-1.111953459814146505e+00,6.762451200124957040e-01
-1.138850259461948955e+00,7.140785420046673604e-01
-1.156704306267441584e+00,7.526290988470809573e-01
-1.173955134506696973e+00,7.918628271243590699e-01
-1.190642248530895841e+00,8.316770666897006503e-01
-1.206808405146698293e+00,8.720943885027179210e-01
-1.222499362647488041e+00,9.130098799278328903e-01
-1.237763598494149742e+00,9.544443710193848407e-01
-1.252651780081585731e+00,9.962918808932524906e-01
-1.267216802023848121e+00,1.038504802350750600e+00
-1.281513039938708687e+00,1.081102700038836240e+00
-1.295596342544360624e+00,1.123979034194585447e+00
-1.309523246943775199e+00,1.167086321725316456e+00
-1.323350721233656380e+00,1.210444908518352403e+00
-1.337135730187949623e+00,1.253949665968043359e+00
-1.350934794057993660e+00,1.297622780683828081e+00
-1.364803544548784942e+00,1.341361350668508257e+00
-1.378796282166101506e+00,1.385122497762284244e+00
-1.392965539237110084e+00,1.428932091236346569e+00
-1.407361652981687916e+00,1.472759052300507188e+00
