0.0,0.0,2.0
0.3004109810303845,0.0,2.0
0.6015321224723766,0.0,2.0
0.9054556864707364,0.0,2.0
1.2101600546042768,0.0,2.0
1.5151443144839325,-0.00017175059580804128,2.0
1.819408308644851,-0.019258399520912895,2.0
2.120052938217272,-0.06979682998706734,2.0
2.4147111671516686,-0.1483283547146638,2.0
2.708094469655393,-0.23170243790892203,2.0
3.0014912962725506,-0.3150286101023724,2.0
3.299190768682889,-0.3805344819340958,2.0
3.603135703833987,-0.38410406800781427,2.0
3.898640520891611,-0.3103149985387312,2.0
4.19124606030041,-0.2245621629555926,2.0
4.490845542980119,-0.16815737237284872,2.0
4.794679150443245,-0.14312760212594647,2.0
5.099472677992582,-0.1497083240934992,2.0
5.404018007671164,-0.16514141463299073,2.0
5.708576005086817,-0.1515114244348771,2.0
6.010078220435411,-0.10636981876381997,2.0
6.30923477661712,-0.04721276093599979,2.0
6.612493387479253,-0.015978719240452587,2.0
6.917355982386548,-0.016364269528380368,2.0
7.220534707603425,-0.04836444138010359,2.0
7.520048710180357,-0.10578732325914551,2.0
7.822638455488444,-0.14294639290602149,2.0
8.127450265545004,-0.14852410504550254,2.0
8.431196848149758,-0.12245949343190692,2.0
8.727099886167757,-0.06589571870592105,2.0
9.019043407764563,0.02191063989068373,2.0
9.299956313040449,0.13968936988488975,2.0
9.558140222455258,0.30113356683815323,2.0
9.780165361752294,0.5095446092704238,2.0
9.956696353629184,0.7554431815405172,2.0
10.074779231365905,1.033774989696436,2.0
10.109618215575818,1.3353807781385527,2.0
10.056809786438693,1.6346748796124908,2.0
9.924531141623065,1.908715248715899,2.0
9.743134839764695,2.153631676896566,2.0
9.570153837488869,2.4043158822457404,2.0
9.480687659832732,2.693938626278494,2.0
9.48880986508178,2.9977638353400953,2.0
9.560158718192035,3.29421574626639,2.0
9.603588982879112,3.5956513820643075,2.0
9.605841210806362,3.900519825487637,2.0
9.598764826530934,4.205415966672718,2.0
9.614484225930488,4.509950482866365,2.0
9.635501203266589,4.814225501005636,2.0
9.65651818060269,5.118500519144907,2.0
9.677535157938792,5.422775537284178,2.0
9.698552135274893,5.727050555423449,2.0
9.719569112610994,6.03132557356272,2.0
9.740586089947096,6.335600591701991,2.0
9.761603067283197,6.639875609841262,2.0
9.782620044619298,6.944150627980533,2.0
9.8036370219554,7.248425646119804,2.0
9.8246539992915,7.552700664259075,2.0
9.84554852613109,7.856983780374269,2.0
9.833832663451583,8.160990967450877,2.0
9.738857191268458,8.449704298571143,2.0
9.554305293239697,8.690102292076451,2.0
9.29214137033169,8.842150167491303,2.0
8.99183354316591,8.882938497139302,2.0
8.693996585015189,8.820543184960462,2.0
8.402214583883513,8.731727310471921,2.0
8.109220445941219,8.647172271817691,2.0
7.809762619721709,8.590020187529193,2.0
7.506045821130218,8.56317818158369,2.0
7.201585753448561,8.545037972453809,2.0
6.897125685766904,8.526897763323928,2.0
6.592665618085246,8.508757554194048,2.0
6.288205550403589,8.490617345064168,2.0
5.983745482721932,8.472477135934287,2.0
5.679285415040274,8.454336926804407,2.0
5.3744991450685715,8.446535109576658,2.0
5.0698068146236555,8.460125400001928,2.0
4.770138801101863,8.474235030468591,2.0
4.470470787580071,8.488344660935255,2.0
4.170802774058279,8.502454291401918,2.0
3.8711347605364868,8.516563921868581,2.0
3.5714667470146946,8.530673552335244,2.0
3.2717987334929024,8.544783182801908,2.0
2.9721307199711102,8.55889281326857,2.0
2.672462706449318,8.573002443735234,2.0
2.372794692927526,8.587112074201897,2.0
2.0731266794057337,8.60122170466856,2.0
1.768464198991922,8.615566495643002,2.0
1.4638016996217855,8.629910883232467,2.0
1.15887841427892,8.630795729975086,2.0
0.8539313648758584,8.625112679705728,2.0
0.5489843154727935,8.61942962943637,2.0
0.24403726606972853,8.613746579167012,2.0
-0.0609097833333364,8.608063528897654,2.0
-0.3658568327364013,8.602380478628296,2.0
-0.6708038821394662,8.596697428358938,2.0
-0.9757509315425311,8.59101437808958,2.0
-1.2806979809455898,8.585331327820223,2.0
-1.585645030348648,8.579648277550865,2.0
-1.8905920797517062,8.573965227281507,2.0
-2.190539997197346,8.568375341770663,2.0
-2.49048791464299,8.56278545625982,2.0
-2.7904358320886344,8.557195570748975,2.0
-3.0903837495342787,8.551605685238131,2.0
-3.390331666979923,8.546015799727288,2.0
-3.6902795844255674,8.540425914216444,2.0
-3.9902275018712117,8.5348360287056,2.0
-4.295174551274257,8.529152978436242,2.0
-4.600121600677301,8.523469928166884,2.0
-4.905068650080346,8.517786877897526,2.0
-5.210015699483391,8.512103827628168,2.0
-5.514962748886435,8.50642077735881,2.0
-5.81990979828948,8.500737727089453,2.0
-6.1248568476925245,8.495054676820095,2.0
-6.429803897095569,8.489371626550737,2.0
-6.734750946498614,8.483688576281379,2.0
-7.039697995901658,8.478005526012021,2.0
-7.344645045304703,8.472322475742663,2.0
-7.649592094707748,8.466639425473305,2.0
-7.954539144110792,8.460956375203947,2.0
-8.254487061556455,8.455366489693104,2.0
-8.554434979002126,8.44977660418226,2.0
-8.854382896447797,8.444186718671416,2.0
-9.154330813893468,8.438596833160572,2.0
-9.454278731339139,8.433006947649728,2.0
-9.75422664878481,8.427417062138884,2.0
-10.054174566230481,8.42182717662804,2.0
-10.354122483676152,8.416237291117197,2.0
-10.654070401121823,8.410647405606353,2.0
-10.954018318567494,8.405057520095509,2.0
-11.253966236013165,8.399467634584665,2.0
-11.553914153458836,8.393877749073821,2.0
-11.853862070904507,8.388287863562978,2.0
-12.153809988350178,8.382697978052134,2.0
-12.453757905795849,8.37710809254129,2.0
-12.75370582324152,8.371518207030446,2.0
-13.05823195165435,8.357151570490434,2.0
-13.351168370943732,8.277923592120732,2.0
-13.593350786192024,8.09572546744047,2.0
-13.750786611442926,7.836284651548964,2.0
-13.840622148190867,7.545320241029548,2.0
-13.872387586065981,7.242464386193656,2.0
-13.849412654370186,6.938584733883468,2.0
-13.800178366025353,6.6375963438574175,2.0
-13.749535035533292,6.336830233641439,2.0
-13.714227726080495,6.0340185426970345,2.0
-13.704765977408774,5.729189596112537,2.0
-13.697930705654093,5.429267474454186,2.0
-13.69104042852951,5.126931794445244,2.0
-13.684185778522114,4.826159382292274,2.0
-13.677316468331611,4.524743701900594,2.0
-13.670296156810307,4.216702295256908,2.0
-13.663242495849046,3.9071975620409605,2.0
-13.656181469488159,3.59736964543716,2.0
-13.64911881643994,3.2874703520783957,2.0
-13.642055804129244,2.9775552947870136,2.0
-13.634992712473544,2.667636755948007,2.0
-13.627929603294074,2.3577174481908534,2.0
-13.620866490244392,2.0477979706140745,2.0
-13.613803376339945,1.7378784555317357,2.0
-13.606910062494338,1.435409528477276,2.0
-13.600065918981361,1.1350981265387845,2.0
-13.591891236198892,0.8328660513363542,2.0
-13.534307813060263,0.5348462870220089,2.0
-13.372138640814134,0.2788277131128561,2.0
-13.124707784999686,0.10382417296908365,2.0
-12.829286704155688,0.036130402506032895,2.0
-12.5249128985554,0.05236448164175817,2.0
-12.220700023126536,0.07361956224088453,2.0
-11.915722339832662,0.07303235262652899,2.0
-11.608020162069852,0.07010741477836364,2.0
-11.302318145392771,0.06720148994761821,2.0
-10.99707254717669,0.06429990371350178,2.0
-10.688133493578231,0.06136320844142876,2.0
-10.378378720887412,0.05841875915323517,2.0
-10.068443792334731,0.05547259734970371,2.0
-9.758469075410215,0.05252605732813188,2.0
-9.44848557101402,0.04957943377511191,2.0
-9.13850012585838,0.046632791773731246,2.0
-8.828514252075788,0.04368614569793288,2.0
-8.518528283628672,0.04073949872227789,2.0
-8.2085422942744,0.0377928515478848,2.0
-7.898556300302669,0.03484620432959939,2.0
-7.588570305311146,0.03189955710162011,2.0
-7.2785843100943985,0.02895290987149989,2.0
-6.968598314827907,0.026006262640906833,2.0
-6.65861231955043,0.023059615410209348,2.0
-6.348626324270526,0.020112968179488804,2.0
-6.038640328990088,0.017166320948763164,2.0
-5.728654333709531,0.014219673718036395,2.0
-5.418668338428955,0.011273026487309379,2.0
-5.118681891383214,0.008421432393057374,2.0
-4.8186954443374725,0.00556983829880537,2.0
-4.518708997291731,0.00271824420455336,2.0
-4.21872255024599,-0.0001333498896986567,2.0
-3.9187361032002523,-0.0029849439839506734,2.0
-3.6087501079196667,-0.005931591214677749,2.0
-3.298764112639081,-0.00887823844540482,2.0
-2.9887781173584953,-0.011824885676131892,2.0
-2.6787921220779096,-0.014771532906858963,2.0
-2.368806126797324,-0.017718180137586075,2.0
-2.0588201315167383,-0.0206648273683132,2.0
-1.7488341362361526,-0.023611474599040325,2.0
-1.438848140955567,-0.02655812182976745,2.0
-1.1288621456749812,-0.029504769060494575,2.0
-0.8188761503943934,-0.032451416291221655,2.0
-0.5088901551138043,-0.03539806352194867,2.0
-0.1989041598332152,-0.03834471075267569,2.0
